ISO-10303-21;
HEADER;
/* Generated by software containing ST-Developer
 * from STEP Tools, Inc. (www.steptools.com) 
 */
/* OPTION: using custom renumber hook */

FILE_DESCRIPTION(
/* description */ ('STEP AP242 Edition 2',
'CAx-IF Rec.Pracs.---Representation and Presentation of Product Manufa
cturing Information (PMI)---4.0---2014-10-13',
'CAx-IF Rec.Pracs.---3D Tessellated Geometry---0.4---2014-09-14','2;1',
'CAx-IF Rec.Pracs.---User Defined Attributes---1.5---2016-08-15'),
/* implementation_level */ '2;1');

FILE_NAME(
/* name */ 'casing - Part 1',
/* time_stamp */ '2026-07-28T05:43:32Z',
/* author */ (''),
/* organization */ (''),
/* preprocessor_version */ 'ST-DEVELOPER v20',
/* originating_system */ 'ONSHAPE BY PTC INC, 1.218',
/* authorisation */ '  ');

FILE_SCHEMA (('AP242_MANAGED_MODEL_BASED_3D_ENGINEERING_MIM_LF { 1 0 10303 442 3 1 4 }'));
ENDSEC;

DATA;
#10=SHAPE_REPRESENTATION_RELATIONSHIP('','',#1767,#11);
#11=ADVANCED_BREP_SHAPE_REPRESENTATION('',(#1765),#2845);
#12=CONICAL_SURFACE('',#1878,0.00155,0.982793723247329);
#13=CONICAL_SURFACE('',#1879,0.00155,0.982793723247329);
#14=CONICAL_SURFACE('',#1880,0.00155,0.982793723247329);
#15=CONICAL_SURFACE('',#1881,0.00155,0.982793723247329);
#16=B_SPLINE_CURVE_WITH_KNOTS('',3,(#2789,#2790,#2791,#2792),
 .UNSPECIFIED.,.F.,.F.,(4,4),(0.,0.00119871291399184),.UNSPECIFIED.);
#17=B_SPLINE_CURVE_WITH_KNOTS('',3,(#2797,#2798,#2799,#2800),
 .UNSPECIFIED.,.F.,.F.,(4,4),(0.,0.00126855137666394),.UNSPECIFIED.);
#18=B_SPLINE_CURVE_WITH_KNOTS('',3,(#2805,#2806,#2807,#2808),
 .UNSPECIFIED.,.F.,.F.,(4,4),(0.,0.00126855137666365),.UNSPECIFIED.);
#19=B_SPLINE_CURVE_WITH_KNOTS('',3,(#2813,#2814,#2815,#2816),
 .UNSPECIFIED.,.F.,.F.,(4,4),(0.,0.00126855137666397),.UNSPECIFIED.);
#20=CYLINDRICAL_SURFACE('',#1850,0.0019);
#21=CYLINDRICAL_SURFACE('',#1851,0.0019);
#22=CYLINDRICAL_SURFACE('',#1852,0.0019);
#23=CYLINDRICAL_SURFACE('',#1853,0.0019);
#24=CYLINDRICAL_SURFACE('',#1854,0.00265);
#25=CYLINDRICAL_SURFACE('',#1855,0.00265);
#26=CYLINDRICAL_SURFACE('',#1856,0.00265);
#27=CYLINDRICAL_SURFACE('',#1857,0.00265);
#28=CYLINDRICAL_SURFACE('',#1870,0.00155);
#29=CYLINDRICAL_SURFACE('',#1872,0.00155);
#30=CYLINDRICAL_SURFACE('',#1874,0.00155);
#31=CYLINDRICAL_SURFACE('',#1876,0.00155);
#32=CIRCLE('',#1775,0.00265);
#33=CIRCLE('',#1776,0.00155);
#34=CIRCLE('',#1782,0.00305);
#35=CIRCLE('',#1783,0.00305);
#36=CIRCLE('',#1784,0.00305);
#37=CIRCLE('',#1785,0.00305);
#38=CIRCLE('',#1786,0.0019);
#39=CIRCLE('',#1787,0.0019);
#40=CIRCLE('',#1788,0.0019);
#41=CIRCLE('',#1789,0.0019);
#42=CIRCLE('',#1791,0.00265);
#43=CIRCLE('',#1792,0.00265);
#44=CIRCLE('',#1793,0.00265);
#45=CIRCLE('',#1794,0.00265);
#46=CIRCLE('',#1795,0.0019);
#47=CIRCLE('',#1796,0.0019);
#48=CIRCLE('',#1797,0.0019);
#49=CIRCLE('',#1798,0.0019);
#50=CIRCLE('',#1811,0.00265);
#51=CIRCLE('',#1812,0.00155);
#52=CIRCLE('',#1823,0.00265);
#53=CIRCLE('',#1824,0.00155);
#54=CIRCLE('',#1826,0.00265);
#55=CIRCLE('',#1827,0.00155);
#56=CIRCLE('',#1871,0.00155);
#57=CIRCLE('',#1873,0.00155);
#58=CIRCLE('',#1875,0.00155);
#59=CIRCLE('',#1877,0.00155);
#60=ORIENTED_EDGE('',*,*,#552,.T.);
#61=ORIENTED_EDGE('',*,*,#553,.T.);
#62=ORIENTED_EDGE('',*,*,#554,.T.);
#63=ORIENTED_EDGE('',*,*,#555,.T.);
#64=ORIENTED_EDGE('',*,*,#556,.T.);
#65=ORIENTED_EDGE('',*,*,#557,.T.);
#66=ORIENTED_EDGE('',*,*,#558,.T.);
#67=ORIENTED_EDGE('',*,*,#559,.T.);
#68=ORIENTED_EDGE('',*,*,#560,.F.);
#69=ORIENTED_EDGE('',*,*,#561,.T.);
#70=ORIENTED_EDGE('',*,*,#562,.T.);
#71=ORIENTED_EDGE('',*,*,#563,.T.);
#72=ORIENTED_EDGE('',*,*,#564,.T.);
#73=ORIENTED_EDGE('',*,*,#565,.T.);
#74=ORIENTED_EDGE('',*,*,#566,.F.);
#75=ORIENTED_EDGE('',*,*,#567,.F.);
#76=ORIENTED_EDGE('',*,*,#568,.F.);
#77=ORIENTED_EDGE('',*,*,#569,.T.);
#78=ORIENTED_EDGE('',*,*,#570,.F.);
#79=ORIENTED_EDGE('',*,*,#571,.F.);
#80=ORIENTED_EDGE('',*,*,#572,.F.);
#81=ORIENTED_EDGE('',*,*,#573,.T.);
#82=ORIENTED_EDGE('',*,*,#574,.F.);
#83=ORIENTED_EDGE('',*,*,#575,.F.);
#84=ORIENTED_EDGE('',*,*,#576,.F.);
#85=ORIENTED_EDGE('',*,*,#577,.F.);
#86=ORIENTED_EDGE('',*,*,#578,.F.);
#87=ORIENTED_EDGE('',*,*,#579,.F.);
#88=ORIENTED_EDGE('',*,*,#567,.T.);
#89=ORIENTED_EDGE('',*,*,#580,.T.);
#90=ORIENTED_EDGE('',*,*,#565,.F.);
#91=ORIENTED_EDGE('',*,*,#581,.F.);
#92=ORIENTED_EDGE('',*,*,#582,.T.);
#93=ORIENTED_EDGE('',*,*,#583,.T.);
#94=ORIENTED_EDGE('',*,*,#584,.T.);
#95=ORIENTED_EDGE('',*,*,#585,.T.);
#96=ORIENTED_EDGE('',*,*,#586,.F.);
#97=ORIENTED_EDGE('',*,*,#587,.F.);
#98=ORIENTED_EDGE('',*,*,#588,.F.);
#99=ORIENTED_EDGE('',*,*,#589,.F.);
#100=ORIENTED_EDGE('',*,*,#582,.F.);
#101=ORIENTED_EDGE('',*,*,#590,.F.);
#102=ORIENTED_EDGE('',*,*,#591,.F.);
#103=ORIENTED_EDGE('',*,*,#592,.F.);
#104=ORIENTED_EDGE('',*,*,#593,.F.);
#105=ORIENTED_EDGE('',*,*,#594,.F.);
#106=ORIENTED_EDGE('',*,*,#595,.F.);
#107=ORIENTED_EDGE('',*,*,#596,.F.);
#108=ORIENTED_EDGE('',*,*,#597,.T.);
#109=ORIENTED_EDGE('',*,*,#598,.F.);
#110=ORIENTED_EDGE('',*,*,#595,.T.);
#111=ORIENTED_EDGE('',*,*,#599,.T.);
#112=ORIENTED_EDGE('',*,*,#600,.F.);
#113=ORIENTED_EDGE('',*,*,#601,.F.);
#114=ORIENTED_EDGE('',*,*,#559,.F.);
#115=ORIENTED_EDGE('',*,*,#602,.F.);
#116=ORIENTED_EDGE('',*,*,#573,.F.);
#117=ORIENTED_EDGE('',*,*,#603,.T.);
#118=ORIENTED_EDGE('',*,*,#604,.F.);
#119=ORIENTED_EDGE('',*,*,#605,.T.);
#120=ORIENTED_EDGE('',*,*,#606,.T.);
#121=ORIENTED_EDGE('',*,*,#607,.F.);
#122=ORIENTED_EDGE('',*,*,#608,.F.);
#123=ORIENTED_EDGE('',*,*,#609,.T.);
#124=ORIENTED_EDGE('',*,*,#610,.T.);
#125=ORIENTED_EDGE('',*,*,#611,.F.);
#126=ORIENTED_EDGE('',*,*,#603,.F.);
#127=ORIENTED_EDGE('',*,*,#572,.T.);
#128=ORIENTED_EDGE('',*,*,#612,.T.);
#129=ORIENTED_EDGE('',*,*,#613,.F.);
#130=ORIENTED_EDGE('',*,*,#614,.F.);
#131=ORIENTED_EDGE('',*,*,#598,.T.);
#132=ORIENTED_EDGE('',*,*,#615,.T.);
#133=ORIENTED_EDGE('',*,*,#616,.F.);
#134=ORIENTED_EDGE('',*,*,#617,.F.);
#135=ORIENTED_EDGE('',*,*,#618,.T.);
#136=ORIENTED_EDGE('',*,*,#619,.T.);
#137=ORIENTED_EDGE('',*,*,#620,.T.);
#138=ORIENTED_EDGE('',*,*,#621,.T.);
#139=ORIENTED_EDGE('',*,*,#622,.T.);
#140=ORIENTED_EDGE('',*,*,#623,.T.);
#141=ORIENTED_EDGE('',*,*,#624,.T.);
#142=ORIENTED_EDGE('',*,*,#625,.T.);
#143=ORIENTED_EDGE('',*,*,#626,.T.);
#144=ORIENTED_EDGE('',*,*,#627,.T.);
#145=ORIENTED_EDGE('',*,*,#628,.T.);
#146=ORIENTED_EDGE('',*,*,#629,.T.);
#147=ORIENTED_EDGE('',*,*,#630,.T.);
#148=ORIENTED_EDGE('',*,*,#631,.T.);
#149=ORIENTED_EDGE('',*,*,#632,.T.);
#150=ORIENTED_EDGE('',*,*,#633,.T.);
#151=ORIENTED_EDGE('',*,*,#634,.T.);
#152=ORIENTED_EDGE('',*,*,#635,.T.);
#153=ORIENTED_EDGE('',*,*,#636,.T.);
#154=ORIENTED_EDGE('',*,*,#637,.T.);
#155=ORIENTED_EDGE('',*,*,#638,.T.);
#156=ORIENTED_EDGE('',*,*,#639,.T.);
#157=ORIENTED_EDGE('',*,*,#640,.T.);
#158=ORIENTED_EDGE('',*,*,#641,.T.);
#159=ORIENTED_EDGE('',*,*,#642,.T.);
#160=ORIENTED_EDGE('',*,*,#643,.T.);
#161=ORIENTED_EDGE('',*,*,#644,.F.);
#162=ORIENTED_EDGE('',*,*,#645,.T.);
#163=ORIENTED_EDGE('',*,*,#612,.F.);
#164=ORIENTED_EDGE('',*,*,#571,.T.);
#165=ORIENTED_EDGE('',*,*,#646,.F.);
#166=ORIENTED_EDGE('',*,*,#647,.T.);
#167=ORIENTED_EDGE('',*,*,#610,.F.);
#168=ORIENTED_EDGE('',*,*,#648,.F.);
#169=ORIENTED_EDGE('',*,*,#649,.F.);
#170=ORIENTED_EDGE('',*,*,#650,.T.);
#171=ORIENTED_EDGE('',*,*,#619,.F.);
#172=ORIENTED_EDGE('',*,*,#651,.F.);
#173=ORIENTED_EDGE('',*,*,#652,.F.);
#174=ORIENTED_EDGE('',*,*,#653,.T.);
#175=ORIENTED_EDGE('',*,*,#615,.F.);
#176=ORIENTED_EDGE('',*,*,#597,.F.);
#177=ORIENTED_EDGE('',*,*,#654,.F.);
#178=ORIENTED_EDGE('',*,*,#655,.T.);
#179=ORIENTED_EDGE('',*,*,#656,.F.);
#180=ORIENTED_EDGE('',*,*,#657,.T.);
#181=ORIENTED_EDGE('',*,*,#658,.F.);
#182=ORIENTED_EDGE('',*,*,#659,.T.);
#183=ORIENTED_EDGE('',*,*,#660,.F.);
#184=ORIENTED_EDGE('',*,*,#661,.T.);
#185=ORIENTED_EDGE('',*,*,#618,.F.);
#186=ORIENTED_EDGE('',*,*,#662,.T.);
#187=ORIENTED_EDGE('',*,*,#663,.F.);
#188=ORIENTED_EDGE('',*,*,#664,.F.);
#189=ORIENTED_EDGE('',*,*,#665,.F.);
#190=ORIENTED_EDGE('',*,*,#666,.F.);
#191=ORIENTED_EDGE('',*,*,#667,.F.);
#192=ORIENTED_EDGE('',*,*,#668,.F.);
#193=ORIENTED_EDGE('',*,*,#669,.F.);
#194=ORIENTED_EDGE('',*,*,#670,.F.);
#195=ORIENTED_EDGE('',*,*,#671,.T.);
#196=ORIENTED_EDGE('',*,*,#672,.F.);
#197=ORIENTED_EDGE('',*,*,#673,.F.);
#198=ORIENTED_EDGE('',*,*,#674,.F.);
#199=ORIENTED_EDGE('',*,*,#675,.F.);
#200=ORIENTED_EDGE('',*,*,#651,.T.);
#201=ORIENTED_EDGE('',*,*,#676,.F.);
#202=ORIENTED_EDGE('',*,*,#648,.T.);
#203=ORIENTED_EDGE('',*,*,#609,.F.);
#204=ORIENTED_EDGE('',*,*,#677,.F.);
#205=ORIENTED_EDGE('',*,*,#678,.F.);
#206=ORIENTED_EDGE('',*,*,#679,.F.);
#207=ORIENTED_EDGE('',*,*,#680,.F.);
#208=ORIENTED_EDGE('',*,*,#681,.F.);
#209=ORIENTED_EDGE('',*,*,#682,.F.);
#210=ORIENTED_EDGE('',*,*,#683,.F.);
#211=ORIENTED_EDGE('',*,*,#684,.F.);
#212=ORIENTED_EDGE('',*,*,#685,.T.);
#213=ORIENTED_EDGE('',*,*,#686,.T.);
#214=ORIENTED_EDGE('',*,*,#687,.T.);
#215=ORIENTED_EDGE('',*,*,#688,.T.);
#216=ORIENTED_EDGE('',*,*,#689,.T.);
#217=ORIENTED_EDGE('',*,*,#690,.F.);
#218=ORIENTED_EDGE('',*,*,#691,.T.);
#219=ORIENTED_EDGE('',*,*,#692,.T.);
#220=ORIENTED_EDGE('',*,*,#693,.T.);
#221=ORIENTED_EDGE('',*,*,#694,.T.);
#222=ORIENTED_EDGE('',*,*,#695,.T.);
#223=ORIENTED_EDGE('',*,*,#696,.T.);
#224=ORIENTED_EDGE('',*,*,#697,.T.);
#225=ORIENTED_EDGE('',*,*,#698,.T.);
#226=ORIENTED_EDGE('',*,*,#699,.F.);
#227=ORIENTED_EDGE('',*,*,#667,.T.);
#228=ORIENTED_EDGE('',*,*,#700,.T.);
#229=ORIENTED_EDGE('',*,*,#694,.F.);
#230=ORIENTED_EDGE('',*,*,#701,.F.);
#231=ORIENTED_EDGE('',*,*,#702,.F.);
#232=ORIENTED_EDGE('',*,*,#703,.T.);
#233=ORIENTED_EDGE('',*,*,#704,.T.);
#234=ORIENTED_EDGE('',*,*,#705,.T.);
#235=ORIENTED_EDGE('',*,*,#706,.T.);
#236=ORIENTED_EDGE('',*,*,#707,.T.);
#237=ORIENTED_EDGE('',*,*,#708,.T.);
#238=ORIENTED_EDGE('',*,*,#709,.T.);
#239=ORIENTED_EDGE('',*,*,#710,.T.);
#240=ORIENTED_EDGE('',*,*,#711,.T.);
#241=ORIENTED_EDGE('',*,*,#591,.T.);
#242=ORIENTED_EDGE('',*,*,#712,.T.);
#243=ORIENTED_EDGE('',*,*,#713,.F.);
#244=ORIENTED_EDGE('',*,*,#714,.F.);
#245=ORIENTED_EDGE('',*,*,#562,.F.);
#246=ORIENTED_EDGE('',*,*,#715,.T.);
#247=ORIENTED_EDGE('',*,*,#702,.T.);
#248=ORIENTED_EDGE('',*,*,#716,.T.);
#249=ORIENTED_EDGE('',*,*,#717,.F.);
#250=ORIENTED_EDGE('',*,*,#718,.T.);
#251=ORIENTED_EDGE('',*,*,#560,.T.);
#252=ORIENTED_EDGE('',*,*,#601,.T.);
#253=ORIENTED_EDGE('',*,*,#719,.T.);
#254=ORIENTED_EDGE('',*,*,#720,.T.);
#255=ORIENTED_EDGE('',*,*,#721,.T.);
#256=ORIENTED_EDGE('',*,*,#713,.T.);
#257=ORIENTED_EDGE('',*,*,#722,.T.);
#258=ORIENTED_EDGE('',*,*,#586,.T.);
#259=ORIENTED_EDGE('',*,*,#723,.T.);
#260=ORIENTED_EDGE('',*,*,#724,.T.);
#261=ORIENTED_EDGE('',*,*,#725,.F.);
#262=ORIENTED_EDGE('',*,*,#726,.T.);
#263=ORIENTED_EDGE('',*,*,#717,.T.);
#264=ORIENTED_EDGE('',*,*,#600,.T.);
#265=ORIENTED_EDGE('',*,*,#686,.F.);
#266=ORIENTED_EDGE('',*,*,#727,.T.);
#267=ORIENTED_EDGE('',*,*,#725,.T.);
#268=ORIENTED_EDGE('',*,*,#728,.T.);
#269=ORIENTED_EDGE('',*,*,#704,.F.);
#270=ORIENTED_EDGE('',*,*,#729,.T.);
#271=ORIENTED_EDGE('',*,*,#684,.T.);
#272=ORIENTED_EDGE('',*,*,#730,.T.);
#273=ORIENTED_EDGE('',*,*,#731,.F.);
#274=ORIENTED_EDGE('',*,*,#588,.T.);
#275=ORIENTED_EDGE('',*,*,#614,.T.);
#276=ORIENTED_EDGE('',*,*,#732,.F.);
#277=ORIENTED_EDGE('',*,*,#733,.T.);
#278=ORIENTED_EDGE('',*,*,#674,.T.);
#279=ORIENTED_EDGE('',*,*,#734,.T.);
#280=ORIENTED_EDGE('',*,*,#687,.F.);
#281=ORIENTED_EDGE('',*,*,#728,.F.);
#282=ORIENTED_EDGE('',*,*,#724,.F.);
#283=ORIENTED_EDGE('',*,*,#735,.F.);
#284=ORIENTED_EDGE('',*,*,#736,.T.);
#285=ORIENTED_EDGE('',*,*,#737,.T.);
#286=ORIENTED_EDGE('',*,*,#688,.F.);
#287=ORIENTED_EDGE('',*,*,#734,.F.);
#288=ORIENTED_EDGE('',*,*,#673,.T.);
#289=ORIENTED_EDGE('',*,*,#738,.T.);
#290=ORIENTED_EDGE('',*,*,#689,.F.);
#291=ORIENTED_EDGE('',*,*,#738,.F.);
#292=ORIENTED_EDGE('',*,*,#672,.T.);
#293=ORIENTED_EDGE('',*,*,#739,.T.);
#294=ORIENTED_EDGE('',*,*,#690,.T.);
#295=ORIENTED_EDGE('',*,*,#739,.F.);
#296=ORIENTED_EDGE('',*,*,#671,.F.);
#297=ORIENTED_EDGE('',*,*,#740,.T.);
#298=ORIENTED_EDGE('',*,*,#691,.F.);
#299=ORIENTED_EDGE('',*,*,#740,.F.);
#300=ORIENTED_EDGE('',*,*,#670,.T.);
#301=ORIENTED_EDGE('',*,*,#741,.T.);
#302=ORIENTED_EDGE('',*,*,#692,.F.);
#303=ORIENTED_EDGE('',*,*,#741,.F.);
#304=ORIENTED_EDGE('',*,*,#669,.T.);
#305=ORIENTED_EDGE('',*,*,#742,.T.);
#306=ORIENTED_EDGE('',*,*,#693,.F.);
#307=ORIENTED_EDGE('',*,*,#742,.F.);
#308=ORIENTED_EDGE('',*,*,#668,.T.);
#309=ORIENTED_EDGE('',*,*,#701,.T.);
#310=ORIENTED_EDGE('',*,*,#743,.F.);
#311=ORIENTED_EDGE('',*,*,#665,.T.);
#312=ORIENTED_EDGE('',*,*,#744,.T.);
#313=ORIENTED_EDGE('',*,*,#696,.F.);
#314=ORIENTED_EDGE('',*,*,#697,.F.);
#315=ORIENTED_EDGE('',*,*,#744,.F.);
#316=ORIENTED_EDGE('',*,*,#664,.T.);
#317=ORIENTED_EDGE('',*,*,#745,.T.);
#318=ORIENTED_EDGE('',*,*,#698,.F.);
#319=ORIENTED_EDGE('',*,*,#745,.F.);
#320=ORIENTED_EDGE('',*,*,#663,.T.);
#321=ORIENTED_EDGE('',*,*,#746,.T.);
#322=ORIENTED_EDGE('',*,*,#617,.T.);
#323=ORIENTED_EDGE('',*,*,#747,.F.);
#324=ORIENTED_EDGE('',*,*,#748,.T.);
#325=ORIENTED_EDGE('',*,*,#683,.T.);
#326=ORIENTED_EDGE('',*,*,#749,.T.);
#327=ORIENTED_EDGE('',*,*,#705,.F.);
#328=ORIENTED_EDGE('',*,*,#730,.F.);
#329=ORIENTED_EDGE('',*,*,#699,.T.);
#330=ORIENTED_EDGE('',*,*,#746,.F.);
#331=ORIENTED_EDGE('',*,*,#662,.F.);
#332=ORIENTED_EDGE('',*,*,#750,.T.);
#333=ORIENTED_EDGE('',*,*,#677,.T.);
#334=ORIENTED_EDGE('',*,*,#608,.T.);
#335=ORIENTED_EDGE('',*,*,#751,.F.);
#336=ORIENTED_EDGE('',*,*,#752,.T.);
#337=ORIENTED_EDGE('',*,*,#569,.F.);
#338=ORIENTED_EDGE('',*,*,#753,.T.);
#339=ORIENTED_EDGE('',*,*,#563,.F.);
#340=ORIENTED_EDGE('',*,*,#716,.F.);
#341=ORIENTED_EDGE('',*,*,#711,.F.);
#342=ORIENTED_EDGE('',*,*,#754,.F.);
#343=ORIENTED_EDGE('',*,*,#755,.T.);
#344=ORIENTED_EDGE('',*,*,#592,.T.);
#345=ORIENTED_EDGE('',*,*,#714,.T.);
#346=ORIENTED_EDGE('',*,*,#721,.F.);
#347=ORIENTED_EDGE('',*,*,#756,.F.);
#348=ORIENTED_EDGE('',*,*,#593,.T.);
#349=ORIENTED_EDGE('',*,*,#756,.T.);
#350=ORIENTED_EDGE('',*,*,#720,.F.);
#351=ORIENTED_EDGE('',*,*,#757,.F.);
#352=ORIENTED_EDGE('',*,*,#590,.T.);
#353=ORIENTED_EDGE('',*,*,#587,.T.);
#354=ORIENTED_EDGE('',*,*,#722,.F.);
#355=ORIENTED_EDGE('',*,*,#712,.F.);
#356=ORIENTED_EDGE('',*,*,#682,.T.);
#357=ORIENTED_EDGE('',*,*,#758,.T.);
#358=ORIENTED_EDGE('',*,*,#706,.F.);
#359=ORIENTED_EDGE('',*,*,#749,.F.);
#360=ORIENTED_EDGE('',*,*,#678,.T.);
#361=ORIENTED_EDGE('',*,*,#754,.T.);
#362=ORIENTED_EDGE('',*,*,#710,.F.);
#363=ORIENTED_EDGE('',*,*,#759,.F.);
#364=ORIENTED_EDGE('',*,*,#679,.T.);
#365=ORIENTED_EDGE('',*,*,#759,.T.);
#366=ORIENTED_EDGE('',*,*,#709,.F.);
#367=ORIENTED_EDGE('',*,*,#760,.F.);
#368=ORIENTED_EDGE('',*,*,#680,.T.);
#369=ORIENTED_EDGE('',*,*,#760,.T.);
#370=ORIENTED_EDGE('',*,*,#708,.F.);
#371=ORIENTED_EDGE('',*,*,#761,.F.);
#372=ORIENTED_EDGE('',*,*,#681,.T.);
#373=ORIENTED_EDGE('',*,*,#761,.T.);
#374=ORIENTED_EDGE('',*,*,#707,.F.);
#375=ORIENTED_EDGE('',*,*,#758,.F.);
#376=ORIENTED_EDGE('',*,*,#666,.T.);
#377=ORIENTED_EDGE('',*,*,#743,.T.);
#378=ORIENTED_EDGE('',*,*,#695,.F.);
#379=ORIENTED_EDGE('',*,*,#700,.F.);
#380=ORIENTED_EDGE('',*,*,#568,.T.);
#381=ORIENTED_EDGE('',*,*,#581,.T.);
#382=ORIENTED_EDGE('',*,*,#564,.F.);
#383=ORIENTED_EDGE('',*,*,#753,.F.);
#384=ORIENTED_EDGE('',*,*,#574,.T.);
#385=ORIENTED_EDGE('',*,*,#602,.T.);
#386=ORIENTED_EDGE('',*,*,#558,.F.);
#387=ORIENTED_EDGE('',*,*,#762,.F.);
#388=ORIENTED_EDGE('',*,*,#575,.T.);
#389=ORIENTED_EDGE('',*,*,#762,.T.);
#390=ORIENTED_EDGE('',*,*,#557,.F.);
#391=ORIENTED_EDGE('',*,*,#763,.F.);
#392=ORIENTED_EDGE('',*,*,#576,.T.);
#393=ORIENTED_EDGE('',*,*,#763,.T.);
#394=ORIENTED_EDGE('',*,*,#556,.F.);
#395=ORIENTED_EDGE('',*,*,#764,.F.);
#396=ORIENTED_EDGE('',*,*,#765,.F.);
#397=ORIENTED_EDGE('',*,*,#577,.T.);
#398=ORIENTED_EDGE('',*,*,#764,.T.);
#399=ORIENTED_EDGE('',*,*,#555,.F.);
#400=ORIENTED_EDGE('',*,*,#752,.F.);
#401=ORIENTED_EDGE('',*,*,#766,.T.);
#402=ORIENTED_EDGE('',*,*,#646,.T.);
#403=ORIENTED_EDGE('',*,*,#570,.T.);
#404=ORIENTED_EDGE('',*,*,#605,.F.);
#405=ORIENTED_EDGE('',*,*,#767,.T.);
#406=ORIENTED_EDGE('',*,*,#644,.T.);
#407=ORIENTED_EDGE('',*,*,#596,.T.);
#408=ORIENTED_EDGE('',*,*,#733,.F.);
#409=ORIENTED_EDGE('',*,*,#768,.T.);
#410=ORIENTED_EDGE('',*,*,#652,.T.);
#411=ORIENTED_EDGE('',*,*,#675,.T.);
#412=ORIENTED_EDGE('',*,*,#748,.F.);
#413=ORIENTED_EDGE('',*,*,#769,.T.);
#414=ORIENTED_EDGE('',*,*,#649,.T.);
#415=ORIENTED_EDGE('',*,*,#676,.T.);
#416=ORIENTED_EDGE('',*,*,#654,.T.);
#417=ORIENTED_EDGE('',*,*,#770,.T.);
#418=ORIENTED_EDGE('',*,*,#640,.F.);
#419=ORIENTED_EDGE('',*,*,#771,.T.);
#420=ORIENTED_EDGE('',*,*,#638,.F.);
#421=ORIENTED_EDGE('',*,*,#772,.T.);
#422=ORIENTED_EDGE('',*,*,#656,.T.);
#423=ORIENTED_EDGE('',*,*,#773,.T.);
#424=ORIENTED_EDGE('',*,*,#658,.T.);
#425=ORIENTED_EDGE('',*,*,#774,.T.);
#426=ORIENTED_EDGE('',*,*,#636,.F.);
#427=ORIENTED_EDGE('',*,*,#775,.T.);
#428=ORIENTED_EDGE('',*,*,#660,.T.);
#429=ORIENTED_EDGE('',*,*,#776,.T.);
#430=ORIENTED_EDGE('',*,*,#642,.F.);
#431=ORIENTED_EDGE('',*,*,#777,.T.);
#432=ORIENTED_EDGE('',*,*,#657,.F.);
#433=ORIENTED_EDGE('',*,*,#772,.F.);
#434=ORIENTED_EDGE('',*,*,#637,.F.);
#435=ORIENTED_EDGE('',*,*,#774,.F.);
#436=ORIENTED_EDGE('',*,*,#659,.F.);
#437=ORIENTED_EDGE('',*,*,#775,.F.);
#438=ORIENTED_EDGE('',*,*,#643,.F.);
#439=ORIENTED_EDGE('',*,*,#776,.F.);
#440=ORIENTED_EDGE('',*,*,#661,.F.);
#441=ORIENTED_EDGE('',*,*,#777,.F.);
#442=ORIENTED_EDGE('',*,*,#641,.F.);
#443=ORIENTED_EDGE('',*,*,#770,.F.);
#444=ORIENTED_EDGE('',*,*,#655,.F.);
#445=ORIENTED_EDGE('',*,*,#771,.F.);
#446=ORIENTED_EDGE('',*,*,#639,.F.);
#447=ORIENTED_EDGE('',*,*,#773,.F.);
#448=ORIENTED_EDGE('',*,*,#650,.F.);
#449=ORIENTED_EDGE('',*,*,#769,.F.);
#450=ORIENTED_EDGE('',*,*,#747,.T.);
#451=ORIENTED_EDGE('',*,*,#616,.T.);
#452=ORIENTED_EDGE('',*,*,#647,.F.);
#453=ORIENTED_EDGE('',*,*,#766,.F.);
#454=ORIENTED_EDGE('',*,*,#751,.T.);
#455=ORIENTED_EDGE('',*,*,#607,.T.);
#456=ORIENTED_EDGE('',*,*,#645,.F.);
#457=ORIENTED_EDGE('',*,*,#767,.F.);
#458=ORIENTED_EDGE('',*,*,#604,.T.);
#459=ORIENTED_EDGE('',*,*,#611,.T.);
#460=ORIENTED_EDGE('',*,*,#653,.F.);
#461=ORIENTED_EDGE('',*,*,#768,.F.);
#462=ORIENTED_EDGE('',*,*,#732,.T.);
#463=ORIENTED_EDGE('',*,*,#613,.T.);
#464=ORIENTED_EDGE('',*,*,#561,.F.);
#465=ORIENTED_EDGE('',*,*,#778,.T.);
#466=ORIENTED_EDGE('',*,*,#635,.F.);
#467=ORIENTED_EDGE('',*,*,#779,.T.);
#468=ORIENTED_EDGE('',*,*,#634,.F.);
#469=ORIENTED_EDGE('',*,*,#780,.T.);
#470=ORIENTED_EDGE('',*,*,#632,.F.);
#471=ORIENTED_EDGE('',*,*,#781,.F.);
#472=ORIENTED_EDGE('',*,*,#715,.F.);
#473=ORIENTED_EDGE('',*,*,#779,.F.);
#474=ORIENTED_EDGE('',*,*,#781,.T.);
#475=ORIENTED_EDGE('',*,*,#631,.F.);
#476=ORIENTED_EDGE('',*,*,#782,.F.);
#477=ORIENTED_EDGE('',*,*,#703,.F.);
#478=ORIENTED_EDGE('',*,*,#630,.F.);
#479=ORIENTED_EDGE('',*,*,#783,.T.);
#480=ORIENTED_EDGE('',*,*,#628,.F.);
#481=ORIENTED_EDGE('',*,*,#784,.F.);
#482=ORIENTED_EDGE('',*,*,#729,.F.);
#483=ORIENTED_EDGE('',*,*,#782,.T.);
#484=ORIENTED_EDGE('',*,*,#784,.T.);
#485=ORIENTED_EDGE('',*,*,#627,.F.);
#486=ORIENTED_EDGE('',*,*,#785,.F.);
#487=ORIENTED_EDGE('',*,*,#685,.F.);
#488=ORIENTED_EDGE('',*,*,#626,.F.);
#489=ORIENTED_EDGE('',*,*,#786,.T.);
#490=ORIENTED_EDGE('',*,*,#624,.F.);
#491=ORIENTED_EDGE('',*,*,#787,.F.);
#492=ORIENTED_EDGE('',*,*,#727,.F.);
#493=ORIENTED_EDGE('',*,*,#785,.T.);
#494=ORIENTED_EDGE('',*,*,#787,.T.);
#495=ORIENTED_EDGE('',*,*,#623,.F.);
#496=ORIENTED_EDGE('',*,*,#788,.F.);
#497=ORIENTED_EDGE('',*,*,#726,.F.);
#498=ORIENTED_EDGE('',*,*,#622,.F.);
#499=ORIENTED_EDGE('',*,*,#789,.T.);
#500=ORIENTED_EDGE('',*,*,#620,.F.);
#501=ORIENTED_EDGE('',*,*,#778,.F.);
#502=ORIENTED_EDGE('',*,*,#718,.F.);
#503=ORIENTED_EDGE('',*,*,#788,.T.);
#504=ORIENTED_EDGE('',*,*,#594,.T.);
#505=ORIENTED_EDGE('',*,*,#757,.T.);
#506=ORIENTED_EDGE('',*,*,#719,.F.);
#507=ORIENTED_EDGE('',*,*,#599,.F.);
#508=ORIENTED_EDGE('',*,*,#790,.T.);
#509=ORIENTED_EDGE('',*,*,#735,.T.);
#510=ORIENTED_EDGE('',*,*,#723,.F.);
#511=ORIENTED_EDGE('',*,*,#585,.F.);
#512=ORIENTED_EDGE('',*,*,#731,.T.);
#513=ORIENTED_EDGE('',*,*,#791,.T.);
#514=ORIENTED_EDGE('',*,*,#583,.F.);
#515=ORIENTED_EDGE('',*,*,#589,.T.);
#516=ORIENTED_EDGE('',*,*,#584,.F.);
#517=ORIENTED_EDGE('',*,*,#791,.F.);
#518=ORIENTED_EDGE('',*,*,#736,.F.);
#519=ORIENTED_EDGE('',*,*,#790,.F.);
#520=ORIENTED_EDGE('',*,*,#792,.T.);
#521=ORIENTED_EDGE('',*,*,#755,.F.);
#522=ORIENTED_EDGE('',*,*,#793,.T.);
#523=ORIENTED_EDGE('',*,*,#750,.F.);
#524=ORIENTED_EDGE('',*,*,#794,.T.);
#525=ORIENTED_EDGE('',*,*,#737,.F.);
#526=ORIENTED_EDGE('',*,*,#795,.T.);
#527=ORIENTED_EDGE('',*,*,#606,.F.);
#528=ORIENTED_EDGE('',*,*,#789,.F.);
#529=ORIENTED_EDGE('',*,*,#621,.F.);
#530=ORIENTED_EDGE('',*,*,#795,.F.);
#531=ORIENTED_EDGE('',*,*,#786,.F.);
#532=ORIENTED_EDGE('',*,*,#625,.F.);
#533=ORIENTED_EDGE('',*,*,#794,.F.);
#534=ORIENTED_EDGE('',*,*,#783,.F.);
#535=ORIENTED_EDGE('',*,*,#629,.F.);
#536=ORIENTED_EDGE('',*,*,#793,.F.);
#537=ORIENTED_EDGE('',*,*,#780,.F.);
#538=ORIENTED_EDGE('',*,*,#633,.F.);
#539=ORIENTED_EDGE('',*,*,#792,.F.);
#540=ORIENTED_EDGE('',*,*,#579,.T.);
#541=ORIENTED_EDGE('',*,*,#796,.T.);
#542=ORIENTED_EDGE('',*,*,#553,.F.);
#543=ORIENTED_EDGE('',*,*,#797,.F.);
#544=ORIENTED_EDGE('',*,*,#578,.T.);
#545=ORIENTED_EDGE('',*,*,#765,.T.);
#546=ORIENTED_EDGE('',*,*,#554,.F.);
#547=ORIENTED_EDGE('',*,*,#796,.F.);
#548=ORIENTED_EDGE('',*,*,#566,.T.);
#549=ORIENTED_EDGE('',*,*,#797,.T.);
#550=ORIENTED_EDGE('',*,*,#552,.F.);
#551=ORIENTED_EDGE('',*,*,#580,.F.);
#552=EDGE_CURVE('',#798,#799,#962,.T.);
#553=EDGE_CURVE('',#799,#800,#963,.T.);
#554=EDGE_CURVE('',#800,#801,#964,.T.);
#555=EDGE_CURVE('',#801,#802,#965,.T.);
#556=EDGE_CURVE('',#802,#803,#966,.T.);
#557=EDGE_CURVE('',#803,#804,#967,.T.);
#558=EDGE_CURVE('',#804,#805,#968,.T.);
#559=EDGE_CURVE('',#805,#806,#969,.T.);
#560=EDGE_CURVE('',#807,#806,#970,.T.);
#561=EDGE_CURVE('',#807,#808,#971,.T.);
#562=EDGE_CURVE('',#808,#809,#972,.T.);
#563=EDGE_CURVE('',#809,#810,#973,.T.);
#564=EDGE_CURVE('',#810,#811,#974,.T.);
#565=EDGE_CURVE('',#811,#798,#975,.T.);
#566=EDGE_CURVE('',#812,#813,#976,.T.);
#567=EDGE_CURVE('',#814,#812,#977,.T.);
#568=EDGE_CURVE('',#815,#814,#978,.T.);
#569=EDGE_CURVE('',#815,#816,#979,.T.);
#570=EDGE_CURVE('',#817,#816,#980,.T.);
#571=EDGE_CURVE('',#818,#817,#981,.T.);
#572=EDGE_CURVE('',#819,#818,#982,.T.);
#573=EDGE_CURVE('',#819,#820,#983,.T.);
#574=EDGE_CURVE('',#821,#820,#984,.T.);
#575=EDGE_CURVE('',#822,#821,#985,.T.);
#576=EDGE_CURVE('',#823,#822,#986,.T.);
#577=EDGE_CURVE('',#824,#823,#987,.T.);
#578=EDGE_CURVE('',#825,#824,#988,.T.);
#579=EDGE_CURVE('',#813,#825,#989,.T.);
#580=EDGE_CURVE('',#812,#798,#990,.T.);
#581=EDGE_CURVE('',#814,#811,#991,.T.);
#582=EDGE_CURVE('',#826,#827,#992,.T.);
#583=EDGE_CURVE('',#827,#828,#993,.T.);
#584=EDGE_CURVE('',#828,#829,#994,.T.);
#585=EDGE_CURVE('',#829,#830,#995,.T.);
#586=EDGE_CURVE('',#831,#830,#996,.T.);
#587=EDGE_CURVE('',#826,#831,#997,.T.);
#588=EDGE_CURVE('',#832,#833,#998,.T.);
#589=EDGE_CURVE('',#827,#832,#999,.T.);
#590=EDGE_CURVE('',#834,#826,#1000,.T.);
#591=EDGE_CURVE('',#835,#834,#1001,.T.);
#592=EDGE_CURVE('',#836,#835,#1002,.T.);
#593=EDGE_CURVE('',#837,#836,#1003,.T.);
#594=EDGE_CURVE('',#838,#837,#1004,.T.);
#595=EDGE_CURVE('',#839,#838,#1005,.T.);
#596=EDGE_CURVE('',#840,#839,#1006,.T.);
#597=EDGE_CURVE('',#840,#841,#1007,.T.);
#598=EDGE_CURVE('',#833,#841,#1008,.T.);
#599=EDGE_CURVE('',#838,#842,#1009,.T.);
#600=EDGE_CURVE('',#843,#842,#1010,.T.);
#601=EDGE_CURVE('',#806,#843,#1011,.T.);
#602=EDGE_CURVE('',#820,#805,#1012,.T.);
#603=EDGE_CURVE('',#819,#844,#1013,.T.);
#604=EDGE_CURVE('',#845,#844,#32,.T.);
#605=EDGE_CURVE('',#845,#839,#1014,.T.);
#606=EDGE_CURVE('',#846,#846,#33,.T.);
#607=EDGE_CURVE('',#847,#848,#1015,.T.);
#608=EDGE_CURVE('',#849,#847,#1016,.T.);
#609=EDGE_CURVE('',#849,#850,#1017,.T.);
#610=EDGE_CURVE('',#850,#848,#1018,.T.);
#611=EDGE_CURVE('',#844,#851,#1019,.T.);
#612=EDGE_CURVE('',#818,#851,#1020,.T.);
#613=EDGE_CURVE('',#852,#853,#1021,.T.);
#614=EDGE_CURVE('',#833,#852,#1022,.T.);
#615=EDGE_CURVE('',#841,#853,#1023,.T.);
#616=EDGE_CURVE('',#854,#855,#1024,.T.);
#617=EDGE_CURVE('',#856,#854,#1025,.T.);
#618=EDGE_CURVE('',#856,#857,#1026,.T.);
#619=EDGE_CURVE('',#857,#855,#1027,.T.);
#620=EDGE_CURVE('',#858,#859,#1028,.T.);
#621=EDGE_CURVE('',#859,#860,#34,.F.);
#622=EDGE_CURVE('',#860,#861,#1029,.T.);
#623=EDGE_CURVE('',#861,#862,#1030,.T.);
#624=EDGE_CURVE('',#862,#863,#1031,.T.);
#625=EDGE_CURVE('',#863,#864,#35,.F.);
#626=EDGE_CURVE('',#864,#865,#1032,.T.);
#627=EDGE_CURVE('',#865,#866,#1033,.T.);
#628=EDGE_CURVE('',#866,#867,#1034,.T.);
#629=EDGE_CURVE('',#867,#868,#36,.F.);
#630=EDGE_CURVE('',#868,#869,#1035,.T.);
#631=EDGE_CURVE('',#869,#870,#1036,.T.);
#632=EDGE_CURVE('',#870,#871,#1037,.T.);
#633=EDGE_CURVE('',#871,#872,#37,.F.);
#634=EDGE_CURVE('',#872,#873,#1038,.T.);
#635=EDGE_CURVE('',#873,#858,#1039,.T.);
#636=EDGE_CURVE('',#874,#875,#1040,.T.);
#637=EDGE_CURVE('',#875,#876,#38,.F.);
#638=EDGE_CURVE('',#876,#877,#1041,.T.);
#639=EDGE_CURVE('',#877,#878,#39,.F.);
#640=EDGE_CURVE('',#878,#879,#1042,.T.);
#641=EDGE_CURVE('',#879,#880,#40,.F.);
#642=EDGE_CURVE('',#880,#881,#1043,.T.);
#643=EDGE_CURVE('',#881,#874,#41,.F.);
#644=EDGE_CURVE('',#882,#840,#1044,.T.);
#645=EDGE_CURVE('',#882,#851,#42,.T.);
#646=EDGE_CURVE('',#883,#817,#1045,.T.);
#647=EDGE_CURVE('',#883,#848,#43,.T.);
#648=EDGE_CURVE('',#884,#850,#1046,.T.);
#649=EDGE_CURVE('',#885,#884,#1047,.T.);
#650=EDGE_CURVE('',#885,#855,#44,.T.);
#651=EDGE_CURVE('',#886,#857,#1048,.T.);
#652=EDGE_CURVE('',#887,#886,#1049,.T.);
#653=EDGE_CURVE('',#887,#853,#45,.T.);
#654=EDGE_CURVE('',#888,#889,#1050,.T.);
#655=EDGE_CURVE('',#888,#890,#46,.T.);
#656=EDGE_CURVE('',#891,#890,#1051,.T.);
#657=EDGE_CURVE('',#891,#892,#47,.T.);
#658=EDGE_CURVE('',#893,#892,#1052,.T.);
#659=EDGE_CURVE('',#893,#894,#48,.T.);
#660=EDGE_CURVE('',#895,#894,#1053,.T.);
#661=EDGE_CURVE('',#895,#889,#49,.T.);
#662=EDGE_CURVE('',#856,#896,#1054,.T.);
#663=EDGE_CURVE('',#897,#896,#1055,.T.);
#664=EDGE_CURVE('',#898,#897,#1056,.T.);
#665=EDGE_CURVE('',#899,#898,#1057,.T.);
#666=EDGE_CURVE('',#900,#899,#1058,.T.);
#667=EDGE_CURVE('',#901,#900,#1059,.T.);
#668=EDGE_CURVE('',#902,#901,#1060,.T.);
#669=EDGE_CURVE('',#903,#902,#1061,.T.);
#670=EDGE_CURVE('',#904,#903,#1062,.T.);
#671=EDGE_CURVE('',#904,#905,#1063,.T.);
#672=EDGE_CURVE('',#906,#905,#1064,.T.);
#673=EDGE_CURVE('',#907,#906,#1065,.T.);
#674=EDGE_CURVE('',#908,#907,#1066,.T.);
#675=EDGE_CURVE('',#886,#908,#1067,.T.);
#676=EDGE_CURVE('',#884,#909,#1068,.T.);
#677=EDGE_CURVE('',#910,#849,#1069,.T.);
#678=EDGE_CURVE('',#911,#910,#1070,.T.);
#679=EDGE_CURVE('',#912,#911,#1071,.T.);
#680=EDGE_CURVE('',#913,#912,#1072,.T.);
#681=EDGE_CURVE('',#914,#913,#1073,.T.);
#682=EDGE_CURVE('',#915,#914,#1074,.T.);
#683=EDGE_CURVE('',#909,#915,#1075,.T.);
#684=EDGE_CURVE('',#916,#917,#1076,.T.);
#685=EDGE_CURVE('',#916,#918,#1077,.T.);
#686=EDGE_CURVE('',#918,#919,#1078,.T.);
#687=EDGE_CURVE('',#919,#920,#1079,.T.);
#688=EDGE_CURVE('',#920,#921,#1080,.T.);
#689=EDGE_CURVE('',#921,#922,#1081,.T.);
#690=EDGE_CURVE('',#923,#922,#1082,.T.);
#691=EDGE_CURVE('',#923,#924,#1083,.T.);
#692=EDGE_CURVE('',#924,#925,#1084,.T.);
#693=EDGE_CURVE('',#925,#926,#1085,.T.);
#694=EDGE_CURVE('',#926,#927,#1086,.T.);
#695=EDGE_CURVE('',#927,#928,#1087,.T.);
#696=EDGE_CURVE('',#928,#929,#1088,.T.);
#697=EDGE_CURVE('',#929,#930,#1089,.T.);
#698=EDGE_CURVE('',#930,#931,#1090,.T.);
#699=EDGE_CURVE('',#917,#931,#1091,.T.);
#700=EDGE_CURVE('',#900,#927,#1092,.T.);
#701=EDGE_CURVE('',#901,#926,#1093,.T.);
#702=EDGE_CURVE('',#932,#933,#1094,.T.);
#703=EDGE_CURVE('',#932,#934,#1095,.T.);
#704=EDGE_CURVE('',#934,#935,#1096,.T.);
#705=EDGE_CURVE('',#935,#936,#1097,.T.);
#706=EDGE_CURVE('',#936,#937,#1098,.T.);
#707=EDGE_CURVE('',#937,#938,#1099,.T.);
#708=EDGE_CURVE('',#938,#939,#1100,.T.);
#709=EDGE_CURVE('',#939,#940,#1101,.T.);
#710=EDGE_CURVE('',#940,#941,#1102,.T.);
#711=EDGE_CURVE('',#941,#933,#1103,.T.);
#712=EDGE_CURVE('',#834,#942,#1104,.T.);
#713=EDGE_CURVE('',#943,#942,#1105,.T.);
#714=EDGE_CURVE('',#835,#943,#1106,.T.);
#715=EDGE_CURVE('',#808,#932,#1107,.T.);
#716=EDGE_CURVE('',#933,#809,#1108,.T.);
#717=EDGE_CURVE('',#944,#843,#1109,.T.);
#718=EDGE_CURVE('',#944,#807,#1110,.T.);
#719=EDGE_CURVE('',#842,#945,#1111,.T.);
#720=EDGE_CURVE('',#945,#946,#1112,.T.);
#721=EDGE_CURVE('',#946,#943,#1113,.T.);
#722=EDGE_CURVE('',#942,#831,#1114,.T.);
#723=EDGE_CURVE('',#830,#947,#1115,.T.);
#724=EDGE_CURVE('',#947,#948,#1116,.T.);
#725=EDGE_CURVE('',#949,#948,#1117,.T.);
#726=EDGE_CURVE('',#949,#944,#1118,.T.);
#727=EDGE_CURVE('',#918,#949,#1119,.T.);
#728=EDGE_CURVE('',#948,#919,#1120,.T.);
#729=EDGE_CURVE('',#934,#916,#1121,.T.);
#730=EDGE_CURVE('',#917,#935,#1122,.T.);
#731=EDGE_CURVE('',#832,#950,#1123,.T.);
#732=EDGE_CURVE('',#951,#852,#50,.T.);
#733=EDGE_CURVE('',#951,#908,#1124,.T.);
#734=EDGE_CURVE('',#907,#920,#1125,.T.);
#735=EDGE_CURVE('',#952,#947,#1126,.T.);
#736=EDGE_CURVE('',#952,#950,#1127,.T.);
#737=EDGE_CURVE('',#953,#953,#51,.T.);
#738=EDGE_CURVE('',#906,#921,#1128,.T.);
#739=EDGE_CURVE('',#905,#922,#1129,.T.);
#740=EDGE_CURVE('',#904,#923,#1130,.T.);
#741=EDGE_CURVE('',#903,#924,#1131,.T.);
#742=EDGE_CURVE('',#902,#925,#1132,.T.);
#743=EDGE_CURVE('',#899,#928,#1133,.T.);
#744=EDGE_CURVE('',#898,#929,#1134,.T.);
#745=EDGE_CURVE('',#897,#930,#1135,.T.);
#746=EDGE_CURVE('',#896,#931,#1136,.T.);
#747=EDGE_CURVE('',#954,#854,#52,.T.);
#748=EDGE_CURVE('',#954,#909,#1137,.T.);
#749=EDGE_CURVE('',#915,#936,#1138,.T.);
#750=EDGE_CURVE('',#955,#955,#53,.T.);
#751=EDGE_CURVE('',#956,#847,#54,.T.);
#752=EDGE_CURVE('',#956,#816,#1139,.T.);
#753=EDGE_CURVE('',#815,#810,#1140,.T.);
#754=EDGE_CURVE('',#910,#941,#1141,.T.);
#755=EDGE_CURVE('',#957,#957,#55,.T.);
#756=EDGE_CURVE('',#836,#946,#1142,.T.);
#757=EDGE_CURVE('',#837,#945,#1143,.T.);
#758=EDGE_CURVE('',#914,#937,#1144,.T.);
#759=EDGE_CURVE('',#911,#940,#1145,.T.);
#760=EDGE_CURVE('',#912,#939,#1146,.T.);
#761=EDGE_CURVE('',#913,#938,#1147,.T.);
#762=EDGE_CURVE('',#821,#804,#1148,.T.);
#763=EDGE_CURVE('',#822,#803,#1149,.T.);
#764=EDGE_CURVE('',#823,#802,#1150,.T.);
#765=EDGE_CURVE('',#824,#801,#1151,.T.);
#766=EDGE_CURVE('',#956,#883,#1152,.T.);
#767=EDGE_CURVE('',#845,#882,#1153,.T.);
#768=EDGE_CURVE('',#951,#887,#1154,.T.);
#769=EDGE_CURVE('',#954,#885,#1155,.T.);
#770=EDGE_CURVE('',#889,#879,#1156,.T.);
#771=EDGE_CURVE('',#878,#888,#1157,.F.);
#772=EDGE_CURVE('',#876,#891,#1158,.F.);
#773=EDGE_CURVE('',#890,#877,#1159,.T.);
#774=EDGE_CURVE('',#892,#875,#1160,.T.);
#775=EDGE_CURVE('',#874,#893,#1161,.F.);
#776=EDGE_CURVE('',#894,#881,#1162,.T.);
#777=EDGE_CURVE('',#880,#895,#1163,.F.);
#778=EDGE_CURVE('',#807,#858,#1164,.F.);
#779=EDGE_CURVE('',#873,#808,#1165,.F.);
#780=EDGE_CURVE('',#872,#871,#16,.T.);
#781=EDGE_CURVE('',#932,#870,#1166,.T.);
#782=EDGE_CURVE('',#934,#869,#1167,.T.);
#783=EDGE_CURVE('',#868,#867,#17,.T.);
#784=EDGE_CURVE('',#916,#866,#1168,.T.);
#785=EDGE_CURVE('',#918,#865,#1169,.F.);
#786=EDGE_CURVE('',#864,#863,#18,.T.);
#787=EDGE_CURVE('',#949,#862,#1170,.T.);
#788=EDGE_CURVE('',#944,#861,#1171,.F.);
#789=EDGE_CURVE('',#860,#859,#19,.T.);
#790=EDGE_CURVE('',#829,#952,#1172,.T.);
#791=EDGE_CURVE('',#950,#828,#1173,.T.);
#792=EDGE_CURVE('',#958,#958,#56,.T.);
#793=EDGE_CURVE('',#959,#959,#57,.T.);
#794=EDGE_CURVE('',#960,#960,#58,.T.);
#795=EDGE_CURVE('',#961,#961,#59,.T.);
#796=EDGE_CURVE('',#825,#800,#1174,.T.);
#797=EDGE_CURVE('',#813,#799,#1175,.T.);
#798=VERTEX_POINT('',#2336);
#799=VERTEX_POINT('',#2337);
#800=VERTEX_POINT('',#2339);
#801=VERTEX_POINT('',#2341);
#802=VERTEX_POINT('',#2343);
#803=VERTEX_POINT('',#2345);
#804=VERTEX_POINT('',#2347);
#805=VERTEX_POINT('',#2349);
#806=VERTEX_POINT('',#2351);
#807=VERTEX_POINT('',#2353);
#808=VERTEX_POINT('',#2355);
#809=VERTEX_POINT('',#2357);
#810=VERTEX_POINT('',#2359);
#811=VERTEX_POINT('',#2361);
#812=VERTEX_POINT('',#2365);
#813=VERTEX_POINT('',#2366);
#814=VERTEX_POINT('',#2368);
#815=VERTEX_POINT('',#2370);
#816=VERTEX_POINT('',#2372);
#817=VERTEX_POINT('',#2374);
#818=VERTEX_POINT('',#2376);
#819=VERTEX_POINT('',#2378);
#820=VERTEX_POINT('',#2380);
#821=VERTEX_POINT('',#2382);
#822=VERTEX_POINT('',#2384);
#823=VERTEX_POINT('',#2386);
#824=VERTEX_POINT('',#2388);
#825=VERTEX_POINT('',#2390);
#826=VERTEX_POINT('',#2397);
#827=VERTEX_POINT('',#2398);
#828=VERTEX_POINT('',#2400);
#829=VERTEX_POINT('',#2402);
#830=VERTEX_POINT('',#2404);
#831=VERTEX_POINT('',#2406);
#832=VERTEX_POINT('',#2410);
#833=VERTEX_POINT('',#2411);
#834=VERTEX_POINT('',#2414);
#835=VERTEX_POINT('',#2416);
#836=VERTEX_POINT('',#2418);
#837=VERTEX_POINT('',#2420);
#838=VERTEX_POINT('',#2422);
#839=VERTEX_POINT('',#2424);
#840=VERTEX_POINT('',#2426);
#841=VERTEX_POINT('',#2428);
#842=VERTEX_POINT('',#2432);
#843=VERTEX_POINT('',#2434);
#844=VERTEX_POINT('',#2438);
#845=VERTEX_POINT('',#2440);
#846=VERTEX_POINT('',#2443);
#847=VERTEX_POINT('',#2446);
#848=VERTEX_POINT('',#2447);
#849=VERTEX_POINT('',#2449);
#850=VERTEX_POINT('',#2451);
#851=VERTEX_POINT('',#2455);
#852=VERTEX_POINT('',#2459);
#853=VERTEX_POINT('',#2460);
#854=VERTEX_POINT('',#2465);
#855=VERTEX_POINT('',#2466);
#856=VERTEX_POINT('',#2468);
#857=VERTEX_POINT('',#2470);
#858=VERTEX_POINT('',#2474);
#859=VERTEX_POINT('',#2475);
#860=VERTEX_POINT('',#2477);
#861=VERTEX_POINT('',#2479);
#862=VERTEX_POINT('',#2481);
#863=VERTEX_POINT('',#2483);
#864=VERTEX_POINT('',#2485);
#865=VERTEX_POINT('',#2487);
#866=VERTEX_POINT('',#2489);
#867=VERTEX_POINT('',#2491);
#868=VERTEX_POINT('',#2493);
#869=VERTEX_POINT('',#2495);
#870=VERTEX_POINT('',#2497);
#871=VERTEX_POINT('',#2499);
#872=VERTEX_POINT('',#2501);
#873=VERTEX_POINT('',#2503);
#874=VERTEX_POINT('',#2506);
#875=VERTEX_POINT('',#2507);
#876=VERTEX_POINT('',#2509);
#877=VERTEX_POINT('',#2511);
#878=VERTEX_POINT('',#2513);
#879=VERTEX_POINT('',#2515);
#880=VERTEX_POINT('',#2517);
#881=VERTEX_POINT('',#2519);
#882=VERTEX_POINT('',#2523);
#883=VERTEX_POINT('',#2526);
#884=VERTEX_POINT('',#2529);
#885=VERTEX_POINT('',#2531);
#886=VERTEX_POINT('',#2534);
#887=VERTEX_POINT('',#2536);
#888=VERTEX_POINT('',#2539);
#889=VERTEX_POINT('',#2540);
#890=VERTEX_POINT('',#2542);
#891=VERTEX_POINT('',#2544);
#892=VERTEX_POINT('',#2546);
#893=VERTEX_POINT('',#2548);
#894=VERTEX_POINT('',#2550);
#895=VERTEX_POINT('',#2552);
#896=VERTEX_POINT('',#2556);
#897=VERTEX_POINT('',#2558);
#898=VERTEX_POINT('',#2560);
#899=VERTEX_POINT('',#2562);
#900=VERTEX_POINT('',#2564);
#901=VERTEX_POINT('',#2566);
#902=VERTEX_POINT('',#2568);
#903=VERTEX_POINT('',#2570);
#904=VERTEX_POINT('',#2572);
#905=VERTEX_POINT('',#2574);
#906=VERTEX_POINT('',#2576);
#907=VERTEX_POINT('',#2578);
#908=VERTEX_POINT('',#2580);
#909=VERTEX_POINT('',#2584);
#910=VERTEX_POINT('',#2586);
#911=VERTEX_POINT('',#2588);
#912=VERTEX_POINT('',#2590);
#913=VERTEX_POINT('',#2592);
#914=VERTEX_POINT('',#2594);
#915=VERTEX_POINT('',#2596);
#916=VERTEX_POINT('',#2600);
#917=VERTEX_POINT('',#2601);
#918=VERTEX_POINT('',#2603);
#919=VERTEX_POINT('',#2605);
#920=VERTEX_POINT('',#2607);
#921=VERTEX_POINT('',#2609);
#922=VERTEX_POINT('',#2611);
#923=VERTEX_POINT('',#2613);
#924=VERTEX_POINT('',#2615);
#925=VERTEX_POINT('',#2617);
#926=VERTEX_POINT('',#2619);
#927=VERTEX_POINT('',#2621);
#928=VERTEX_POINT('',#2623);
#929=VERTEX_POINT('',#2625);
#930=VERTEX_POINT('',#2627);
#931=VERTEX_POINT('',#2629);
#932=VERTEX_POINT('',#2636);
#933=VERTEX_POINT('',#2637);
#934=VERTEX_POINT('',#2639);
#935=VERTEX_POINT('',#2641);
#936=VERTEX_POINT('',#2643);
#937=VERTEX_POINT('',#2645);
#938=VERTEX_POINT('',#2647);
#939=VERTEX_POINT('',#2649);
#940=VERTEX_POINT('',#2651);
#941=VERTEX_POINT('',#2653);
#942=VERTEX_POINT('',#2657);
#943=VERTEX_POINT('',#2659);
#944=VERTEX_POINT('',#2666);
#945=VERTEX_POINT('',#2670);
#946=VERTEX_POINT('',#2672);
#947=VERTEX_POINT('',#2676);
#948=VERTEX_POINT('',#2678);
#949=VERTEX_POINT('',#2680);
#950=VERTEX_POINT('',#2690);
#951=VERTEX_POINT('',#2692);
#952=VERTEX_POINT('',#2696);
#953=VERTEX_POINT('',#2699);
#954=VERTEX_POINT('',#2720);
#955=VERTEX_POINT('',#2724);
#956=VERTEX_POINT('',#2727);
#957=VERTEX_POINT('',#2732);
#958=VERTEX_POINT('',#2825);
#959=VERTEX_POINT('',#2828);
#960=VERTEX_POINT('',#2831);
#961=VERTEX_POINT('',#2834);
#962=LINE('',#2335,#1176);
#963=LINE('',#2338,#1177);
#964=LINE('',#2340,#1178);
#965=LINE('',#2342,#1179);
#966=LINE('',#2344,#1180);
#967=LINE('',#2346,#1181);
#968=LINE('',#2348,#1182);
#969=LINE('',#2350,#1183);
#970=LINE('',#2352,#1184);
#971=LINE('',#2354,#1185);
#972=LINE('',#2356,#1186);
#973=LINE('',#2358,#1187);
#974=LINE('',#2360,#1188);
#975=LINE('',#2362,#1189);
#976=LINE('',#2364,#1190);
#977=LINE('',#2367,#1191);
#978=LINE('',#2369,#1192);
#979=LINE('',#2371,#1193);
#980=LINE('',#2373,#1194);
#981=LINE('',#2375,#1195);
#982=LINE('',#2377,#1196);
#983=LINE('',#2379,#1197);
#984=LINE('',#2381,#1198);
#985=LINE('',#2383,#1199);
#986=LINE('',#2385,#1200);
#987=LINE('',#2387,#1201);
#988=LINE('',#2389,#1202);
#989=LINE('',#2391,#1203);
#990=LINE('',#2393,#1204);
#991=LINE('',#2394,#1205);
#992=LINE('',#2396,#1206);
#993=LINE('',#2399,#1207);
#994=LINE('',#2401,#1208);
#995=LINE('',#2403,#1209);
#996=LINE('',#2405,#1210);
#997=LINE('',#2407,#1211);
#998=LINE('',#2409,#1212);
#999=LINE('',#2412,#1213);
#1000=LINE('',#2413,#1214);
#1001=LINE('',#2415,#1215);
#1002=LINE('',#2417,#1216);
#1003=LINE('',#2419,#1217);
#1004=LINE('',#2421,#1218);
#1005=LINE('',#2423,#1219);
#1006=LINE('',#2425,#1220);
#1007=LINE('',#2427,#1221);
#1008=LINE('',#2429,#1222);
#1009=LINE('',#2431,#1223);
#1010=LINE('',#2433,#1224);
#1011=LINE('',#2435,#1225);
#1012=LINE('',#2436,#1226);
#1013=LINE('',#2437,#1227);
#1014=LINE('',#2441,#1228);
#1015=LINE('',#2445,#1229);
#1016=LINE('',#2448,#1230);
#1017=LINE('',#2450,#1231);
#1018=LINE('',#2452,#1232);
#1019=LINE('',#2454,#1233);
#1020=LINE('',#2456,#1234);
#1021=LINE('',#2458,#1235);
#1022=LINE('',#2461,#1236);
#1023=LINE('',#2462,#1237);
#1024=LINE('',#2464,#1238);
#1025=LINE('',#2467,#1239);
#1026=LINE('',#2469,#1240);
#1027=LINE('',#2471,#1241);
#1028=LINE('',#2473,#1242);
#1029=LINE('',#2478,#1243);
#1030=LINE('',#2480,#1244);
#1031=LINE('',#2482,#1245);
#1032=LINE('',#2486,#1246);
#1033=LINE('',#2488,#1247);
#1034=LINE('',#2490,#1248);
#1035=LINE('',#2494,#1249);
#1036=LINE('',#2496,#1250);
#1037=LINE('',#2498,#1251);
#1038=LINE('',#2502,#1252);
#1039=LINE('',#2504,#1253);
#1040=LINE('',#2505,#1254);
#1041=LINE('',#2510,#1255);
#1042=LINE('',#2514,#1256);
#1043=LINE('',#2518,#1257);
#1044=LINE('',#2522,#1258);
#1045=LINE('',#2525,#1259);
#1046=LINE('',#2528,#1260);
#1047=LINE('',#2530,#1261);
#1048=LINE('',#2533,#1262);
#1049=LINE('',#2535,#1263);
#1050=LINE('',#2538,#1264);
#1051=LINE('',#2543,#1265);
#1052=LINE('',#2547,#1266);
#1053=LINE('',#2551,#1267);
#1054=LINE('',#2555,#1268);
#1055=LINE('',#2557,#1269);
#1056=LINE('',#2559,#1270);
#1057=LINE('',#2561,#1271);
#1058=LINE('',#2563,#1272);
#1059=LINE('',#2565,#1273);
#1060=LINE('',#2567,#1274);
#1061=LINE('',#2569,#1275);
#1062=LINE('',#2571,#1276);
#1063=LINE('',#2573,#1277);
#1064=LINE('',#2575,#1278);
#1065=LINE('',#2577,#1279);
#1066=LINE('',#2579,#1280);
#1067=LINE('',#2581,#1281);
#1068=LINE('',#2583,#1282);
#1069=LINE('',#2585,#1283);
#1070=LINE('',#2587,#1284);
#1071=LINE('',#2589,#1285);
#1072=LINE('',#2591,#1286);
#1073=LINE('',#2593,#1287);
#1074=LINE('',#2595,#1288);
#1075=LINE('',#2597,#1289);
#1076=LINE('',#2599,#1290);
#1077=LINE('',#2602,#1291);
#1078=LINE('',#2604,#1292);
#1079=LINE('',#2606,#1293);
#1080=LINE('',#2608,#1294);
#1081=LINE('',#2610,#1295);
#1082=LINE('',#2612,#1296);
#1083=LINE('',#2614,#1297);
#1084=LINE('',#2616,#1298);
#1085=LINE('',#2618,#1299);
#1086=LINE('',#2620,#1300);
#1087=LINE('',#2622,#1301);
#1088=LINE('',#2624,#1302);
#1089=LINE('',#2626,#1303);
#1090=LINE('',#2628,#1304);
#1091=LINE('',#2630,#1305);
#1092=LINE('',#2632,#1306);
#1093=LINE('',#2633,#1307);
#1094=LINE('',#2635,#1308);
#1095=LINE('',#2638,#1309);
#1096=LINE('',#2640,#1310);
#1097=LINE('',#2642,#1311);
#1098=LINE('',#2644,#1312);
#1099=LINE('',#2646,#1313);
#1100=LINE('',#2648,#1314);
#1101=LINE('',#2650,#1315);
#1102=LINE('',#2652,#1316);
#1103=LINE('',#2654,#1317);
#1104=LINE('',#2656,#1318);
#1105=LINE('',#2658,#1319);
#1106=LINE('',#2660,#1320);
#1107=LINE('',#2662,#1321);
#1108=LINE('',#2663,#1322);
#1109=LINE('',#2665,#1323);
#1110=LINE('',#2667,#1324);
#1111=LINE('',#2669,#1325);
#1112=LINE('',#2671,#1326);
#1113=LINE('',#2673,#1327);
#1114=LINE('',#2674,#1328);
#1115=LINE('',#2675,#1329);
#1116=LINE('',#2677,#1330);
#1117=LINE('',#2679,#1331);
#1118=LINE('',#2681,#1332);
#1119=LINE('',#2683,#1333);
#1120=LINE('',#2684,#1334);
#1121=LINE('',#2686,#1335);
#1122=LINE('',#2687,#1336);
#1123=LINE('',#2689,#1337);
#1124=LINE('',#2693,#1338);
#1125=LINE('',#2694,#1339);
#1126=LINE('',#2695,#1340);
#1127=LINE('',#2697,#1341);
#1128=LINE('',#2701,#1342);
#1129=LINE('',#2703,#1343);
#1130=LINE('',#2705,#1344);
#1131=LINE('',#2707,#1345);
#1132=LINE('',#2709,#1346);
#1133=LINE('',#2712,#1347);
#1134=LINE('',#2713,#1348);
#1135=LINE('',#2715,#1349);
#1136=LINE('',#2717,#1350);
#1137=LINE('',#2721,#1351);
#1138=LINE('',#2722,#1352);
#1139=LINE('',#2728,#1353);
#1140=LINE('',#2729,#1354);
#1141=LINE('',#2730,#1355);
#1142=LINE('',#2734,#1356);
#1143=LINE('',#2736,#1357);
#1144=LINE('',#2739,#1358);
#1145=LINE('',#2741,#1359);
#1146=LINE('',#2743,#1360);
#1147=LINE('',#2745,#1361);
#1148=LINE('',#2750,#1362);
#1149=LINE('',#2752,#1363);
#1150=LINE('',#2754,#1364);
#1151=LINE('',#2756,#1365);
#1152=LINE('',#2758,#1366);
#1153=LINE('',#2760,#1367);
#1154=LINE('',#2762,#1368);
#1155=LINE('',#2764,#1369);
#1156=LINE('',#2766,#1370);
#1157=LINE('',#2767,#1371);
#1158=LINE('',#2769,#1372);
#1159=LINE('',#2770,#1373);
#1160=LINE('',#2772,#1374);
#1161=LINE('',#2773,#1375);
#1162=LINE('',#2775,#1376);
#1163=LINE('',#2776,#1377);
#1164=LINE('',#2786,#1378);
#1165=LINE('',#2787,#1379);
#1166=LINE('',#2793,#1380);
#1167=LINE('',#2795,#1381);
#1168=LINE('',#2801,#1382);
#1169=LINE('',#2803,#1383);
#1170=LINE('',#2809,#1384);
#1171=LINE('',#2811,#1385);
#1172=LINE('',#2819,#1386);
#1173=LINE('',#2821,#1387);
#1174=LINE('',#2840,#1388);
#1175=LINE('',#2841,#1389);
#1176=VECTOR('',#1889,1.);
#1177=VECTOR('',#1890,1.);
#1178=VECTOR('',#1891,1.);
#1179=VECTOR('',#1892,1.);
#1180=VECTOR('',#1893,1.);
#1181=VECTOR('',#1894,1.);
#1182=VECTOR('',#1895,1.);
#1183=VECTOR('',#1896,1.);
#1184=VECTOR('',#1897,1.);
#1185=VECTOR('',#1898,1.);
#1186=VECTOR('',#1899,1.);
#1187=VECTOR('',#1900,1.);
#1188=VECTOR('',#1901,1.);
#1189=VECTOR('',#1902,1.);
#1190=VECTOR('',#1905,1.);
#1191=VECTOR('',#1906,1.);
#1192=VECTOR('',#1907,1.);
#1193=VECTOR('',#1908,1.);
#1194=VECTOR('',#1909,1.);
#1195=VECTOR('',#1910,1.);
#1196=VECTOR('',#1911,1.);
#1197=VECTOR('',#1912,1.);
#1198=VECTOR('',#1913,1.);
#1199=VECTOR('',#1914,1.);
#1200=VECTOR('',#1915,1.);
#1201=VECTOR('',#1916,1.);
#1202=VECTOR('',#1917,1.);
#1203=VECTOR('',#1918,1.);
#1204=VECTOR('',#1921,1.);
#1205=VECTOR('',#1922,1.);
#1206=VECTOR('',#1925,1.);
#1207=VECTOR('',#1926,1.);
#1208=VECTOR('',#1927,1.);
#1209=VECTOR('',#1928,1.);
#1210=VECTOR('',#1929,1.);
#1211=VECTOR('',#1930,1.);
#1212=VECTOR('',#1933,1.);
#1213=VECTOR('',#1934,1.);
#1214=VECTOR('',#1935,1.);
#1215=VECTOR('',#1936,1.);
#1216=VECTOR('',#1937,1.);
#1217=VECTOR('',#1938,1.);
#1218=VECTOR('',#1939,1.);
#1219=VECTOR('',#1940,1.);
#1220=VECTOR('',#1941,1.);
#1221=VECTOR('',#1942,1.);
#1222=VECTOR('',#1943,1.);
#1223=VECTOR('',#1946,1.);
#1224=VECTOR('',#1947,1.);
#1225=VECTOR('',#1948,1.);
#1226=VECTOR('',#1949,1.);
#1227=VECTOR('',#1950,1.);
#1228=VECTOR('',#1953,1.);
#1229=VECTOR('',#1958,1.);
#1230=VECTOR('',#1959,1.);
#1231=VECTOR('',#1960,1.);
#1232=VECTOR('',#1961,1.);
#1233=VECTOR('',#1964,1.);
#1234=VECTOR('',#1965,1.);
#1235=VECTOR('',#1968,1.);
#1236=VECTOR('',#1969,1.);
#1237=VECTOR('',#1970,1.);
#1238=VECTOR('',#1973,1.);
#1239=VECTOR('',#1974,1.);
#1240=VECTOR('',#1975,1.);
#1241=VECTOR('',#1976,1.);
#1242=VECTOR('',#1979,1.);
#1243=VECTOR('',#1982,1.);
#1244=VECTOR('',#1983,1.);
#1245=VECTOR('',#1984,1.);
#1246=VECTOR('',#1987,1.);
#1247=VECTOR('',#1988,1.);
#1248=VECTOR('',#1989,1.);
#1249=VECTOR('',#1992,1.);
#1250=VECTOR('',#1993,1.);
#1251=VECTOR('',#1994,1.);
#1252=VECTOR('',#1997,1.);
#1253=VECTOR('',#1998,1.);
#1254=VECTOR('',#1999,1.);
#1255=VECTOR('',#2002,1.);
#1256=VECTOR('',#2005,1.);
#1257=VECTOR('',#2008,1.);
#1258=VECTOR('',#2013,1.);
#1259=VECTOR('',#2016,1.);
#1260=VECTOR('',#2019,1.);
#1261=VECTOR('',#2020,1.);
#1262=VECTOR('',#2023,1.);
#1263=VECTOR('',#2024,1.);
#1264=VECTOR('',#2027,1.);
#1265=VECTOR('',#2030,1.);
#1266=VECTOR('',#2033,1.);
#1267=VECTOR('',#2036,1.);
#1268=VECTOR('',#2041,1.);
#1269=VECTOR('',#2042,1.);
#1270=VECTOR('',#2043,1.);
#1271=VECTOR('',#2044,1.);
#1272=VECTOR('',#2045,1.);
#1273=VECTOR('',#2046,1.);
#1274=VECTOR('',#2047,1.);
#1275=VECTOR('',#2048,1.);
#1276=VECTOR('',#2049,1.);
#1277=VECTOR('',#2050,1.);
#1278=VECTOR('',#2051,1.);
#1279=VECTOR('',#2052,1.);
#1280=VECTOR('',#2053,1.);
#1281=VECTOR('',#2054,1.);
#1282=VECTOR('',#2057,1.);
#1283=VECTOR('',#2058,1.);
#1284=VECTOR('',#2059,1.);
#1285=VECTOR('',#2060,1.);
#1286=VECTOR('',#2061,1.);
#1287=VECTOR('',#2062,1.);
#1288=VECTOR('',#2063,1.);
#1289=VECTOR('',#2064,1.);
#1290=VECTOR('',#2067,1.);
#1291=VECTOR('',#2068,1.);
#1292=VECTOR('',#2069,1.);
#1293=VECTOR('',#2070,1.);
#1294=VECTOR('',#2071,1.);
#1295=VECTOR('',#2072,1.);
#1296=VECTOR('',#2073,1.);
#1297=VECTOR('',#2074,1.);
#1298=VECTOR('',#2075,1.);
#1299=VECTOR('',#2076,1.);
#1300=VECTOR('',#2077,1.);
#1301=VECTOR('',#2078,1.);
#1302=VECTOR('',#2079,1.);
#1303=VECTOR('',#2080,1.);
#1304=VECTOR('',#2081,1.);
#1305=VECTOR('',#2082,1.);
#1306=VECTOR('',#2085,1.);
#1307=VECTOR('',#2086,1.);
#1308=VECTOR('',#2089,1.);
#1309=VECTOR('',#2090,1.);
#1310=VECTOR('',#2091,1.);
#1311=VECTOR('',#2092,1.);
#1312=VECTOR('',#2093,1.);
#1313=VECTOR('',#2094,1.);
#1314=VECTOR('',#2095,1.);
#1315=VECTOR('',#2096,1.);
#1316=VECTOR('',#2097,1.);
#1317=VECTOR('',#2098,1.);
#1318=VECTOR('',#2101,1.);
#1319=VECTOR('',#2102,1.);
#1320=VECTOR('',#2103,1.);
#1321=VECTOR('',#2106,1.);
#1322=VECTOR('',#2107,1.);
#1323=VECTOR('',#2110,1.);
#1324=VECTOR('',#2111,1.);
#1325=VECTOR('',#2114,1.);
#1326=VECTOR('',#2115,1.);
#1327=VECTOR('',#2116,1.);
#1328=VECTOR('',#2117,1.);
#1329=VECTOR('',#2118,1.);
#1330=VECTOR('',#2119,1.);
#1331=VECTOR('',#2120,1.);
#1332=VECTOR('',#2121,1.);
#1333=VECTOR('',#2124,1.);
#1334=VECTOR('',#2125,1.);
#1335=VECTOR('',#2128,1.);
#1336=VECTOR('',#2129,1.);
#1337=VECTOR('',#2132,1.);
#1338=VECTOR('',#2135,1.);
#1339=VECTOR('',#2136,1.);
#1340=VECTOR('',#2137,1.);
#1341=VECTOR('',#2138,1.);
#1342=VECTOR('',#2143,1.);
#1343=VECTOR('',#2146,1.);
#1344=VECTOR('',#2149,1.);
#1345=VECTOR('',#2152,1.);
#1346=VECTOR('',#2155,1.);
#1347=VECTOR('',#2160,1.);
#1348=VECTOR('',#2161,1.);
#1349=VECTOR('',#2164,1.);
#1350=VECTOR('',#2167,1.);
#1351=VECTOR('',#2172,1.);
#1352=VECTOR('',#2173,1.);
#1353=VECTOR('',#2180,1.);
#1354=VECTOR('',#2181,1.);
#1355=VECTOR('',#2182,1.);
#1356=VECTOR('',#2187,1.);
#1357=VECTOR('',#2190,1.);
#1358=VECTOR('',#2195,1.);
#1359=VECTOR('',#2198,1.);
#1360=VECTOR('',#2201,1.);
#1361=VECTOR('',#2204,1.);
#1362=VECTOR('',#2213,1.);
#1363=VECTOR('',#2216,1.);
#1364=VECTOR('',#2219,1.);
#1365=VECTOR('',#2222,1.);
#1366=VECTOR('',#2225,1.);
#1367=VECTOR('',#2228,1.);
#1368=VECTOR('',#2231,1.);
#1369=VECTOR('',#2234,1.);
#1370=VECTOR('',#2237,1.);
#1371=VECTOR('',#2238,1.);
#1372=VECTOR('',#2241,1.);
#1373=VECTOR('',#2242,1.);
#1374=VECTOR('',#2245,1.);
#1375=VECTOR('',#2246,1.);
#1376=VECTOR('',#2249,1.);
#1377=VECTOR('',#2250,1.);
#1378=VECTOR('',#2269,1.);
#1379=VECTOR('',#2270,1.);
#1380=VECTOR('',#2273,1.);
#1381=VECTOR('',#2276,1.);
#1382=VECTOR('',#2279,1.);
#1383=VECTOR('',#2282,1.);
#1384=VECTOR('',#2285,1.);
#1385=VECTOR('',#2288,1.);
#1386=VECTOR('',#2295,1.);
#1387=VECTOR('',#2298,1.);
#1388=VECTOR('',#2327,1.);
#1389=VECTOR('',#2328,1.);
#1390=EDGE_LOOP('',(#60,#61,#62,#63,#64,#65,#66,#67,#68,#69,#70,#71,#72,
#73));
#1391=EDGE_LOOP('',(#74,#75,#76,#77,#78,#79,#80,#81,#82,#83,#84,#85,#86,
#87));
#1392=EDGE_LOOP('',(#88,#89,#90,#91));
#1393=EDGE_LOOP('',(#92,#93,#94,#95,#96,#97));
#1394=EDGE_LOOP('',(#98,#99,#100,#101,#102,#103,#104,#105,#106,#107,#108,
#109));
#1395=EDGE_LOOP('',(#110,#111,#112,#113,#114,#115,#116,#117,#118,#119));
#1396=EDGE_LOOP('',(#120));
#1397=EDGE_LOOP('',(#121,#122,#123,#124));
#1398=EDGE_LOOP('',(#125,#126,#127,#128));
#1399=EDGE_LOOP('',(#129,#130,#131,#132));
#1400=EDGE_LOOP('',(#133,#134,#135,#136));
#1401=EDGE_LOOP('',(#137,#138,#139,#140,#141,#142,#143,#144,#145,#146,#147,
#148,#149,#150,#151,#152));
#1402=EDGE_LOOP('',(#153,#154,#155,#156,#157,#158,#159,#160));
#1403=EDGE_LOOP('',(#161,#162,#163,#164,#165,#166,#167,#168,#169,#170,#171,
#172,#173,#174,#175,#176));
#1404=EDGE_LOOP('',(#177,#178,#179,#180,#181,#182,#183,#184));
#1405=EDGE_LOOP('',(#185,#186,#187,#188,#189,#190,#191,#192,#193,#194,#195,
#196,#197,#198,#199,#200));
#1406=EDGE_LOOP('',(#201,#202,#203,#204,#205,#206,#207,#208,#209,#210));
#1407=EDGE_LOOP('',(#211,#212,#213,#214,#215,#216,#217,#218,#219,#220,#221,
#222,#223,#224,#225,#226));
#1408=EDGE_LOOP('',(#227,#228,#229,#230));
#1409=EDGE_LOOP('',(#231,#232,#233,#234,#235,#236,#237,#238,#239,#240));
#1410=EDGE_LOOP('',(#241,#242,#243,#244));
#1411=EDGE_LOOP('',(#245,#246,#247,#248));
#1412=EDGE_LOOP('',(#249,#250,#251,#252));
#1413=EDGE_LOOP('',(#253,#254,#255,#256,#257,#258,#259,#260,#261,#262,#263,
#264));
#1414=EDGE_LOOP('',(#265,#266,#267,#268));
#1415=EDGE_LOOP('',(#269,#270,#271,#272));
#1416=EDGE_LOOP('',(#273,#274,#275,#276,#277,#278,#279,#280,#281,#282,#283,
#284));
#1417=EDGE_LOOP('',(#285));
#1418=EDGE_LOOP('',(#286,#287,#288,#289));
#1419=EDGE_LOOP('',(#290,#291,#292,#293));
#1420=EDGE_LOOP('',(#294,#295,#296,#297));
#1421=EDGE_LOOP('',(#298,#299,#300,#301));
#1422=EDGE_LOOP('',(#302,#303,#304,#305));
#1423=EDGE_LOOP('',(#306,#307,#308,#309));
#1424=EDGE_LOOP('',(#310,#311,#312,#313));
#1425=EDGE_LOOP('',(#314,#315,#316,#317));
#1426=EDGE_LOOP('',(#318,#319,#320,#321));
#1427=EDGE_LOOP('',(#322,#323,#324,#325,#326,#327,#328,#329,#330,#331));
#1428=EDGE_LOOP('',(#332));
#1429=EDGE_LOOP('',(#333,#334,#335,#336,#337,#338,#339,#340,#341,#342));
#1430=EDGE_LOOP('',(#343));
#1431=EDGE_LOOP('',(#344,#345,#346,#347));
#1432=EDGE_LOOP('',(#348,#349,#350,#351));
#1433=EDGE_LOOP('',(#352,#353,#354,#355));
#1434=EDGE_LOOP('',(#356,#357,#358,#359));
#1435=EDGE_LOOP('',(#360,#361,#362,#363));
#1436=EDGE_LOOP('',(#364,#365,#366,#367));
#1437=EDGE_LOOP('',(#368,#369,#370,#371));
#1438=EDGE_LOOP('',(#372,#373,#374,#375));
#1439=EDGE_LOOP('',(#376,#377,#378,#379));
#1440=EDGE_LOOP('',(#380,#381,#382,#383));
#1441=EDGE_LOOP('',(#384,#385,#386,#387));
#1442=EDGE_LOOP('',(#388,#389,#390,#391));
#1443=EDGE_LOOP('',(#392,#393,#394,#395));
#1444=EDGE_LOOP('',(#396,#397,#398,#399));
#1445=EDGE_LOOP('',(#400,#401,#402,#403));
#1446=EDGE_LOOP('',(#404,#405,#406,#407));
#1447=EDGE_LOOP('',(#408,#409,#410,#411));
#1448=EDGE_LOOP('',(#412,#413,#414,#415));
#1449=EDGE_LOOP('',(#416,#417,#418,#419));
#1450=EDGE_LOOP('',(#420,#421,#422,#423));
#1451=EDGE_LOOP('',(#424,#425,#426,#427));
#1452=EDGE_LOOP('',(#428,#429,#430,#431));
#1453=EDGE_LOOP('',(#432,#433,#434,#435));
#1454=EDGE_LOOP('',(#436,#437,#438,#439));
#1455=EDGE_LOOP('',(#440,#441,#442,#443));
#1456=EDGE_LOOP('',(#444,#445,#446,#447));
#1457=EDGE_LOOP('',(#448,#449,#450,#451));
#1458=EDGE_LOOP('',(#452,#453,#454,#455));
#1459=EDGE_LOOP('',(#456,#457,#458,#459));
#1460=EDGE_LOOP('',(#460,#461,#462,#463));
#1461=EDGE_LOOP('',(#464,#465,#466,#467));
#1462=EDGE_LOOP('',(#468,#469,#470,#471,#472,#473));
#1463=EDGE_LOOP('',(#474,#475,#476,#477));
#1464=EDGE_LOOP('',(#478,#479,#480,#481,#482,#483));
#1465=EDGE_LOOP('',(#484,#485,#486,#487));
#1466=EDGE_LOOP('',(#488,#489,#490,#491,#492,#493));
#1467=EDGE_LOOP('',(#494,#495,#496,#497));
#1468=EDGE_LOOP('',(#498,#499,#500,#501,#502,#503));
#1469=EDGE_LOOP('',(#504,#505,#506,#507));
#1470=EDGE_LOOP('',(#508,#509,#510,#511));
#1471=EDGE_LOOP('',(#512,#513,#514,#515));
#1472=EDGE_LOOP('',(#516,#517,#518,#519));
#1473=EDGE_LOOP('',(#520));
#1474=EDGE_LOOP('',(#521));
#1475=EDGE_LOOP('',(#522));
#1476=EDGE_LOOP('',(#523));
#1477=EDGE_LOOP('',(#524));
#1478=EDGE_LOOP('',(#525));
#1479=EDGE_LOOP('',(#526));
#1480=EDGE_LOOP('',(#527));
#1481=EDGE_LOOP('',(#528,#529));
#1482=EDGE_LOOP('',(#530));
#1483=EDGE_LOOP('',(#531,#532));
#1484=EDGE_LOOP('',(#533));
#1485=EDGE_LOOP('',(#534,#535));
#1486=EDGE_LOOP('',(#536));
#1487=EDGE_LOOP('',(#537,#538));
#1488=EDGE_LOOP('',(#539));
#1489=EDGE_LOOP('',(#540,#541,#542,#543));
#1490=EDGE_LOOP('',(#544,#545,#546,#547));
#1491=EDGE_LOOP('',(#548,#549,#550,#551));
#1492=FACE_BOUND('',#1390,.T.);
#1493=FACE_BOUND('',#1391,.T.);
#1494=FACE_BOUND('',#1392,.T.);
#1495=FACE_BOUND('',#1393,.T.);
#1496=FACE_BOUND('',#1394,.T.);
#1497=FACE_BOUND('',#1395,.T.);
#1498=FACE_BOUND('',#1396,.T.);
#1499=FACE_BOUND('',#1397,.T.);
#1500=FACE_BOUND('',#1398,.T.);
#1501=FACE_BOUND('',#1399,.T.);
#1502=FACE_BOUND('',#1400,.T.);
#1503=FACE_BOUND('',#1401,.T.);
#1504=FACE_BOUND('',#1402,.T.);
#1505=FACE_BOUND('',#1403,.T.);
#1506=FACE_BOUND('',#1404,.T.);
#1507=FACE_BOUND('',#1405,.T.);
#1508=FACE_BOUND('',#1406,.T.);
#1509=FACE_BOUND('',#1407,.T.);
#1510=FACE_BOUND('',#1408,.T.);
#1511=FACE_BOUND('',#1409,.T.);
#1512=FACE_BOUND('',#1410,.T.);
#1513=FACE_BOUND('',#1411,.T.);
#1514=FACE_BOUND('',#1412,.T.);
#1515=FACE_BOUND('',#1413,.T.);
#1516=FACE_BOUND('',#1414,.T.);
#1517=FACE_BOUND('',#1415,.T.);
#1518=FACE_BOUND('',#1416,.T.);
#1519=FACE_BOUND('',#1417,.T.);
#1520=FACE_BOUND('',#1418,.T.);
#1521=FACE_BOUND('',#1419,.T.);
#1522=FACE_BOUND('',#1420,.T.);
#1523=FACE_BOUND('',#1421,.T.);
#1524=FACE_BOUND('',#1422,.T.);
#1525=FACE_BOUND('',#1423,.T.);
#1526=FACE_BOUND('',#1424,.T.);
#1527=FACE_BOUND('',#1425,.T.);
#1528=FACE_BOUND('',#1426,.T.);
#1529=FACE_BOUND('',#1427,.T.);
#1530=FACE_BOUND('',#1428,.T.);
#1531=FACE_BOUND('',#1429,.T.);
#1532=FACE_BOUND('',#1430,.T.);
#1533=FACE_BOUND('',#1431,.T.);
#1534=FACE_BOUND('',#1432,.T.);
#1535=FACE_BOUND('',#1433,.T.);
#1536=FACE_BOUND('',#1434,.T.);
#1537=FACE_BOUND('',#1435,.T.);
#1538=FACE_BOUND('',#1436,.T.);
#1539=FACE_BOUND('',#1437,.T.);
#1540=FACE_BOUND('',#1438,.T.);
#1541=FACE_BOUND('',#1439,.T.);
#1542=FACE_BOUND('',#1440,.T.);
#1543=FACE_BOUND('',#1441,.T.);
#1544=FACE_BOUND('',#1442,.T.);
#1545=FACE_BOUND('',#1443,.T.);
#1546=FACE_BOUND('',#1444,.T.);
#1547=FACE_BOUND('',#1445,.T.);
#1548=FACE_BOUND('',#1446,.T.);
#1549=FACE_BOUND('',#1447,.T.);
#1550=FACE_BOUND('',#1448,.T.);
#1551=FACE_BOUND('',#1449,.T.);
#1552=FACE_BOUND('',#1450,.T.);
#1553=FACE_BOUND('',#1451,.T.);
#1554=FACE_BOUND('',#1452,.T.);
#1555=FACE_BOUND('',#1453,.T.);
#1556=FACE_BOUND('',#1454,.T.);
#1557=FACE_BOUND('',#1455,.T.);
#1558=FACE_BOUND('',#1456,.T.);
#1559=FACE_BOUND('',#1457,.T.);
#1560=FACE_BOUND('',#1458,.T.);
#1561=FACE_BOUND('',#1459,.T.);
#1562=FACE_BOUND('',#1460,.T.);
#1563=FACE_BOUND('',#1461,.T.);
#1564=FACE_BOUND('',#1462,.T.);
#1565=FACE_BOUND('',#1463,.T.);
#1566=FACE_BOUND('',#1464,.T.);
#1567=FACE_BOUND('',#1465,.T.);
#1568=FACE_BOUND('',#1466,.T.);
#1569=FACE_BOUND('',#1467,.T.);
#1570=FACE_BOUND('',#1468,.T.);
#1571=FACE_BOUND('',#1469,.T.);
#1572=FACE_BOUND('',#1470,.T.);
#1573=FACE_BOUND('',#1471,.T.);
#1574=FACE_BOUND('',#1472,.T.);
#1575=FACE_BOUND('',#1473,.T.);
#1576=FACE_BOUND('',#1474,.T.);
#1577=FACE_BOUND('',#1475,.T.);
#1578=FACE_BOUND('',#1476,.T.);
#1579=FACE_BOUND('',#1477,.T.);
#1580=FACE_BOUND('',#1478,.T.);
#1581=FACE_BOUND('',#1479,.T.);
#1582=FACE_BOUND('',#1480,.T.);
#1583=FACE_BOUND('',#1481,.T.);
#1584=FACE_BOUND('',#1482,.T.);
#1585=FACE_BOUND('',#1483,.T.);
#1586=FACE_BOUND('',#1484,.T.);
#1587=FACE_BOUND('',#1485,.T.);
#1588=FACE_BOUND('',#1486,.T.);
#1589=FACE_BOUND('',#1487,.T.);
#1590=FACE_BOUND('',#1488,.T.);
#1591=FACE_BOUND('',#1489,.T.);
#1592=FACE_BOUND('',#1490,.T.);
#1593=FACE_BOUND('',#1491,.T.);
#1594=PLANE('',#1769);
#1595=PLANE('',#1770);
#1596=PLANE('',#1771);
#1597=PLANE('',#1772);
#1598=PLANE('',#1773);
#1599=PLANE('',#1774);
#1600=PLANE('',#1777);
#1601=PLANE('',#1778);
#1602=PLANE('',#1779);
#1603=PLANE('',#1780);
#1604=PLANE('',#1781);
#1605=PLANE('',#1790);
#1606=PLANE('',#1799);
#1607=PLANE('',#1800);
#1608=PLANE('',#1801);
#1609=PLANE('',#1802);
#1610=PLANE('',#1803);
#1611=PLANE('',#1804);
#1612=PLANE('',#1805);
#1613=PLANE('',#1806);
#1614=PLANE('',#1807);
#1615=PLANE('',#1808);
#1616=PLANE('',#1809);
#1617=PLANE('',#1810);
#1618=PLANE('',#1813);
#1619=PLANE('',#1814);
#1620=PLANE('',#1815);
#1621=PLANE('',#1816);
#1622=PLANE('',#1817);
#1623=PLANE('',#1818);
#1624=PLANE('',#1819);
#1625=PLANE('',#1820);
#1626=PLANE('',#1821);
#1627=PLANE('',#1822);
#1628=PLANE('',#1825);
#1629=PLANE('',#1828);
#1630=PLANE('',#1829);
#1631=PLANE('',#1830);
#1632=PLANE('',#1831);
#1633=PLANE('',#1832);
#1634=PLANE('',#1833);
#1635=PLANE('',#1834);
#1636=PLANE('',#1835);
#1637=PLANE('',#1836);
#1638=PLANE('',#1837);
#1639=PLANE('',#1838);
#1640=PLANE('',#1839);
#1641=PLANE('',#1840);
#1642=PLANE('',#1841);
#1643=PLANE('',#1842);
#1644=PLANE('',#1843);
#1645=PLANE('',#1844);
#1646=PLANE('',#1845);
#1647=PLANE('',#1846);
#1648=PLANE('',#1847);
#1649=PLANE('',#1848);
#1650=PLANE('',#1849);
#1651=PLANE('',#1858);
#1652=PLANE('',#1859);
#1653=PLANE('',#1860);
#1654=PLANE('',#1861);
#1655=PLANE('',#1862);
#1656=PLANE('',#1863);
#1657=PLANE('',#1864);
#1658=PLANE('',#1865);
#1659=PLANE('',#1866);
#1660=PLANE('',#1867);
#1661=PLANE('',#1868);
#1662=PLANE('',#1869);
#1663=PLANE('',#1882);
#1664=PLANE('',#1883);
#1665=PLANE('',#1884);
#1666=ADVANCED_FACE('',(#1492),#1594,.T.);
#1667=ADVANCED_FACE('',(#1493),#1595,.F.);
#1668=ADVANCED_FACE('',(#1494),#1596,.T.);
#1669=ADVANCED_FACE('',(#1495),#1597,.T.);
#1670=ADVANCED_FACE('',(#1496),#1598,.F.);
#1671=ADVANCED_FACE('',(#1497,#1498),#1599,.T.);
#1672=ADVANCED_FACE('',(#1499),#1600,.F.);
#1673=ADVANCED_FACE('',(#1500),#1601,.F.);
#1674=ADVANCED_FACE('',(#1501),#1602,.F.);
#1675=ADVANCED_FACE('',(#1502),#1603,.F.);
#1676=ADVANCED_FACE('',(#1503,#1504),#1604,.T.);
#1677=ADVANCED_FACE('',(#1505,#1506),#1605,.F.);
#1678=ADVANCED_FACE('',(#1507),#1606,.F.);
#1679=ADVANCED_FACE('',(#1508),#1607,.F.);
#1680=ADVANCED_FACE('',(#1509),#1608,.T.);
#1681=ADVANCED_FACE('',(#1510),#1609,.T.);
#1682=ADVANCED_FACE('',(#1511),#1610,.T.);
#1683=ADVANCED_FACE('',(#1512),#1611,.T.);
#1684=ADVANCED_FACE('',(#1513),#1612,.F.);
#1685=ADVANCED_FACE('',(#1514),#1613,.F.);
#1686=ADVANCED_FACE('',(#1515),#1614,.F.);
#1687=ADVANCED_FACE('',(#1516),#1615,.T.);
#1688=ADVANCED_FACE('',(#1517),#1616,.F.);
#1689=ADVANCED_FACE('',(#1518,#1519),#1617,.T.);
#1690=ADVANCED_FACE('',(#1520),#1618,.T.);
#1691=ADVANCED_FACE('',(#1521),#1619,.T.);
#1692=ADVANCED_FACE('',(#1522),#1620,.F.);
#1693=ADVANCED_FACE('',(#1523),#1621,.T.);
#1694=ADVANCED_FACE('',(#1524),#1622,.T.);
#1695=ADVANCED_FACE('',(#1525),#1623,.T.);
#1696=ADVANCED_FACE('',(#1526),#1624,.T.);
#1697=ADVANCED_FACE('',(#1527),#1625,.T.);
#1698=ADVANCED_FACE('',(#1528),#1626,.T.);
#1699=ADVANCED_FACE('',(#1529,#1530),#1627,.F.);
#1700=ADVANCED_FACE('',(#1531,#1532),#1628,.T.);
#1701=ADVANCED_FACE('',(#1533),#1629,.T.);
#1702=ADVANCED_FACE('',(#1534),#1630,.T.);
#1703=ADVANCED_FACE('',(#1535),#1631,.T.);
#1704=ADVANCED_FACE('',(#1536),#1632,.T.);
#1705=ADVANCED_FACE('',(#1537),#1633,.T.);
#1706=ADVANCED_FACE('',(#1538),#1634,.T.);
#1707=ADVANCED_FACE('',(#1539),#1635,.T.);
#1708=ADVANCED_FACE('',(#1540),#1636,.T.);
#1709=ADVANCED_FACE('',(#1541),#1637,.T.);
#1710=ADVANCED_FACE('',(#1542),#1638,.T.);
#1711=ADVANCED_FACE('',(#1543),#1639,.T.);
#1712=ADVANCED_FACE('',(#1544),#1640,.T.);
#1713=ADVANCED_FACE('',(#1545),#1641,.T.);
#1714=ADVANCED_FACE('',(#1546),#1642,.T.);
#1715=ADVANCED_FACE('',(#1547),#1643,.F.);
#1716=ADVANCED_FACE('',(#1548),#1644,.F.);
#1717=ADVANCED_FACE('',(#1549),#1645,.F.);
#1718=ADVANCED_FACE('',(#1550),#1646,.F.);
#1719=ADVANCED_FACE('',(#1551),#1647,.T.);
#1720=ADVANCED_FACE('',(#1552),#1648,.T.);
#1721=ADVANCED_FACE('',(#1553),#1649,.T.);
#1722=ADVANCED_FACE('',(#1554),#1650,.T.);
#1723=ADVANCED_FACE('',(#1555),#20,.F.);
#1724=ADVANCED_FACE('',(#1556),#21,.F.);
#1725=ADVANCED_FACE('',(#1557),#22,.F.);
#1726=ADVANCED_FACE('',(#1558),#23,.F.);
#1727=ADVANCED_FACE('',(#1559),#24,.T.);
#1728=ADVANCED_FACE('',(#1560),#25,.T.);
#1729=ADVANCED_FACE('',(#1561),#26,.T.);
#1730=ADVANCED_FACE('',(#1562),#27,.T.);
#1731=ADVANCED_FACE('',(#1563),#1651,.F.);
#1732=ADVANCED_FACE('',(#1564),#1652,.T.);
#1733=ADVANCED_FACE('',(#1565),#1653,.F.);
#1734=ADVANCED_FACE('',(#1566),#1654,.T.);
#1735=ADVANCED_FACE('',(#1567),#1655,.F.);
#1736=ADVANCED_FACE('',(#1568),#1656,.F.);
#1737=ADVANCED_FACE('',(#1569),#1657,.T.);
#1738=ADVANCED_FACE('',(#1570),#1658,.T.);
#1739=ADVANCED_FACE('',(#1571),#1659,.T.);
#1740=ADVANCED_FACE('',(#1572),#1660,.T.);
#1741=ADVANCED_FACE('',(#1573),#1661,.T.);
#1742=ADVANCED_FACE('',(#1574),#1662,.T.);
#1743=ADVANCED_FACE('',(#1575,#1576),#28,.F.);
#1744=ADVANCED_FACE('',(#1577,#1578),#29,.F.);
#1745=ADVANCED_FACE('',(#1579,#1580),#30,.F.);
#1746=ADVANCED_FACE('',(#1581,#1582),#31,.F.);
#1747=ADVANCED_FACE('',(#1583,#1584),#12,.F.);
#1748=ADVANCED_FACE('',(#1585,#1586),#13,.F.);
#1749=ADVANCED_FACE('',(#1587,#1588),#14,.F.);
#1750=ADVANCED_FACE('',(#1589,#1590),#15,.F.);
#1751=ADVANCED_FACE('',(#1591),#1663,.T.);
#1752=ADVANCED_FACE('',(#1592),#1664,.T.);
#1753=ADVANCED_FACE('',(#1593),#1665,.T.);
#1754=CLOSED_SHELL('',(#1666,#1667,#1668,#1669,#1670,#1671,#1672,#1673,
#1674,#1675,#1676,#1677,#1678,#1679,#1680,#1681,#1682,#1683,#1684,#1685,
#1686,#1687,#1688,#1689,#1690,#1691,#1692,#1693,#1694,#1695,#1696,#1697,
#1698,#1699,#1700,#1701,#1702,#1703,#1704,#1705,#1706,#1707,#1708,#1709,
#1710,#1711,#1712,#1713,#1714,#1715,#1716,#1717,#1718,#1719,#1720,#1721,
#1722,#1723,#1724,#1725,#1726,#1727,#1728,#1729,#1730,#1731,#1732,#1733,
#1734,#1735,#1736,#1737,#1738,#1739,#1740,#1741,#1742,#1743,#1744,#1745,
#1746,#1747,#1748,#1749,#1750,#1751,#1752,#1753));
#1755=STYLED_ITEM('',(#1756),#1765);
#1756=PRESENTATION_STYLE_ASSIGNMENT((#1757));
#1757=SURFACE_STYLE_USAGE(.BOTH.,#1758);
#1758=SURFACE_SIDE_STYLE('',(#1761,#1759));
#1759=SURFACE_STYLE_RENDERING_WITH_PROPERTIES(.CONSTANT_SHADING.,#1764,
(#1760));
#1760=SURFACE_STYLE_TRANSPARENT(0.8);
#1761=SURFACE_STYLE_FILL_AREA(#1762);
#1762=FILL_AREA_STYLE('',(#1763));
#1763=FILL_AREA_STYLE_COLOUR('',#1764);
#1764=COLOUR_RGB('',0.901960784313726,0.901960784313726,0.901960784313726);
#1765=MANIFOLD_SOLID_BREP('Part 1',#1754);
#1766=SHAPE_DEFINITION_REPRESENTATION(#2850,#1767);
#1767=SHAPE_REPRESENTATION('Part 1',(#1768),#2845);
#1768=AXIS2_PLACEMENT_3D('',#2333,#1885,#1886);
#1769=AXIS2_PLACEMENT_3D('',#2334,#1887,#1888);
#1770=AXIS2_PLACEMENT_3D('',#2363,#1903,#1904);
#1771=AXIS2_PLACEMENT_3D('',#2392,#1919,#1920);
#1772=AXIS2_PLACEMENT_3D('',#2395,#1923,#1924);
#1773=AXIS2_PLACEMENT_3D('',#2408,#1931,#1932);
#1774=AXIS2_PLACEMENT_3D('',#2430,#1944,#1945);
#1775=AXIS2_PLACEMENT_3D('',#2439,#1951,#1952);
#1776=AXIS2_PLACEMENT_3D('',#2442,#1954,#1955);
#1777=AXIS2_PLACEMENT_3D('',#2444,#1956,#1957);
#1778=AXIS2_PLACEMENT_3D('',#2453,#1962,#1963);
#1779=AXIS2_PLACEMENT_3D('',#2457,#1966,#1967);
#1780=AXIS2_PLACEMENT_3D('',#2463,#1971,#1972);
#1781=AXIS2_PLACEMENT_3D('',#2472,#1977,#1978);
#1782=AXIS2_PLACEMENT_3D('',#2476,#1980,#1981);
#1783=AXIS2_PLACEMENT_3D('',#2484,#1985,#1986);
#1784=AXIS2_PLACEMENT_3D('',#2492,#1990,#1991);
#1785=AXIS2_PLACEMENT_3D('',#2500,#1995,#1996);
#1786=AXIS2_PLACEMENT_3D('',#2508,#2000,#2001);
#1787=AXIS2_PLACEMENT_3D('',#2512,#2003,#2004);
#1788=AXIS2_PLACEMENT_3D('',#2516,#2006,#2007);
#1789=AXIS2_PLACEMENT_3D('',#2520,#2009,#2010);
#1790=AXIS2_PLACEMENT_3D('',#2521,#2011,#2012);
#1791=AXIS2_PLACEMENT_3D('',#2524,#2014,#2015);
#1792=AXIS2_PLACEMENT_3D('',#2527,#2017,#2018);
#1793=AXIS2_PLACEMENT_3D('',#2532,#2021,#2022);
#1794=AXIS2_PLACEMENT_3D('',#2537,#2025,#2026);
#1795=AXIS2_PLACEMENT_3D('',#2541,#2028,#2029);
#1796=AXIS2_PLACEMENT_3D('',#2545,#2031,#2032);
#1797=AXIS2_PLACEMENT_3D('',#2549,#2034,#2035);
#1798=AXIS2_PLACEMENT_3D('',#2553,#2037,#2038);
#1799=AXIS2_PLACEMENT_3D('',#2554,#2039,#2040);
#1800=AXIS2_PLACEMENT_3D('',#2582,#2055,#2056);
#1801=AXIS2_PLACEMENT_3D('',#2598,#2065,#2066);
#1802=AXIS2_PLACEMENT_3D('',#2631,#2083,#2084);
#1803=AXIS2_PLACEMENT_3D('',#2634,#2087,#2088);
#1804=AXIS2_PLACEMENT_3D('',#2655,#2099,#2100);
#1805=AXIS2_PLACEMENT_3D('',#2661,#2104,#2105);
#1806=AXIS2_PLACEMENT_3D('',#2664,#2108,#2109);
#1807=AXIS2_PLACEMENT_3D('',#2668,#2112,#2113);
#1808=AXIS2_PLACEMENT_3D('',#2682,#2122,#2123);
#1809=AXIS2_PLACEMENT_3D('',#2685,#2126,#2127);
#1810=AXIS2_PLACEMENT_3D('',#2688,#2130,#2131);
#1811=AXIS2_PLACEMENT_3D('',#2691,#2133,#2134);
#1812=AXIS2_PLACEMENT_3D('',#2698,#2139,#2140);
#1813=AXIS2_PLACEMENT_3D('',#2700,#2141,#2142);
#1814=AXIS2_PLACEMENT_3D('',#2702,#2144,#2145);
#1815=AXIS2_PLACEMENT_3D('',#2704,#2147,#2148);
#1816=AXIS2_PLACEMENT_3D('',#2706,#2150,#2151);
#1817=AXIS2_PLACEMENT_3D('',#2708,#2153,#2154);
#1818=AXIS2_PLACEMENT_3D('',#2710,#2156,#2157);
#1819=AXIS2_PLACEMENT_3D('',#2711,#2158,#2159);
#1820=AXIS2_PLACEMENT_3D('',#2714,#2162,#2163);
#1821=AXIS2_PLACEMENT_3D('',#2716,#2165,#2166);
#1822=AXIS2_PLACEMENT_3D('',#2718,#2168,#2169);
#1823=AXIS2_PLACEMENT_3D('',#2719,#2170,#2171);
#1824=AXIS2_PLACEMENT_3D('',#2723,#2174,#2175);
#1825=AXIS2_PLACEMENT_3D('',#2725,#2176,#2177);
#1826=AXIS2_PLACEMENT_3D('',#2726,#2178,#2179);
#1827=AXIS2_PLACEMENT_3D('',#2731,#2183,#2184);
#1828=AXIS2_PLACEMENT_3D('',#2733,#2185,#2186);
#1829=AXIS2_PLACEMENT_3D('',#2735,#2188,#2189);
#1830=AXIS2_PLACEMENT_3D('',#2737,#2191,#2192);
#1831=AXIS2_PLACEMENT_3D('',#2738,#2193,#2194);
#1832=AXIS2_PLACEMENT_3D('',#2740,#2196,#2197);
#1833=AXIS2_PLACEMENT_3D('',#2742,#2199,#2200);
#1834=AXIS2_PLACEMENT_3D('',#2744,#2202,#2203);
#1835=AXIS2_PLACEMENT_3D('',#2746,#2205,#2206);
#1836=AXIS2_PLACEMENT_3D('',#2747,#2207,#2208);
#1837=AXIS2_PLACEMENT_3D('',#2748,#2209,#2210);
#1838=AXIS2_PLACEMENT_3D('',#2749,#2211,#2212);
#1839=AXIS2_PLACEMENT_3D('',#2751,#2214,#2215);
#1840=AXIS2_PLACEMENT_3D('',#2753,#2217,#2218);
#1841=AXIS2_PLACEMENT_3D('',#2755,#2220,#2221);
#1842=AXIS2_PLACEMENT_3D('',#2757,#2223,#2224);
#1843=AXIS2_PLACEMENT_3D('',#2759,#2226,#2227);
#1844=AXIS2_PLACEMENT_3D('',#2761,#2229,#2230);
#1845=AXIS2_PLACEMENT_3D('',#2763,#2232,#2233);
#1846=AXIS2_PLACEMENT_3D('',#2765,#2235,#2236);
#1847=AXIS2_PLACEMENT_3D('',#2768,#2239,#2240);
#1848=AXIS2_PLACEMENT_3D('',#2771,#2243,#2244);
#1849=AXIS2_PLACEMENT_3D('',#2774,#2247,#2248);
#1850=AXIS2_PLACEMENT_3D('',#2777,#2251,#2252);
#1851=AXIS2_PLACEMENT_3D('',#2778,#2253,#2254);
#1852=AXIS2_PLACEMENT_3D('',#2779,#2255,#2256);
#1853=AXIS2_PLACEMENT_3D('',#2780,#2257,#2258);
#1854=AXIS2_PLACEMENT_3D('',#2781,#2259,#2260);
#1855=AXIS2_PLACEMENT_3D('',#2782,#2261,#2262);
#1856=AXIS2_PLACEMENT_3D('',#2783,#2263,#2264);
#1857=AXIS2_PLACEMENT_3D('',#2784,#2265,#2266);
#1858=AXIS2_PLACEMENT_3D('',#2785,#2267,#2268);
#1859=AXIS2_PLACEMENT_3D('',#2788,#2271,#2272);
#1860=AXIS2_PLACEMENT_3D('',#2794,#2274,#2275);
#1861=AXIS2_PLACEMENT_3D('',#2796,#2277,#2278);
#1862=AXIS2_PLACEMENT_3D('',#2802,#2280,#2281);
#1863=AXIS2_PLACEMENT_3D('',#2804,#2283,#2284);
#1864=AXIS2_PLACEMENT_3D('',#2810,#2286,#2287);
#1865=AXIS2_PLACEMENT_3D('',#2812,#2289,#2290);
#1866=AXIS2_PLACEMENT_3D('',#2817,#2291,#2292);
#1867=AXIS2_PLACEMENT_3D('',#2818,#2293,#2294);
#1868=AXIS2_PLACEMENT_3D('',#2820,#2296,#2297);
#1869=AXIS2_PLACEMENT_3D('',#2822,#2299,#2300);
#1870=AXIS2_PLACEMENT_3D('',#2823,#2301,#2302);
#1871=AXIS2_PLACEMENT_3D('',#2824,#2303,#2304);
#1872=AXIS2_PLACEMENT_3D('',#2826,#2305,#2306);
#1873=AXIS2_PLACEMENT_3D('',#2827,#2307,#2308);
#1874=AXIS2_PLACEMENT_3D('',#2829,#2309,#2310);
#1875=AXIS2_PLACEMENT_3D('',#2830,#2311,#2312);
#1876=AXIS2_PLACEMENT_3D('',#2832,#2313,#2314);
#1877=AXIS2_PLACEMENT_3D('',#2833,#2315,#2316);
#1878=AXIS2_PLACEMENT_3D('',#2835,#2317,#2318);
#1879=AXIS2_PLACEMENT_3D('',#2836,#2319,#2320);
#1880=AXIS2_PLACEMENT_3D('',#2837,#2321,#2322);
#1881=AXIS2_PLACEMENT_3D('',#2838,#2323,#2324);
#1882=AXIS2_PLACEMENT_3D('',#2839,#2325,#2326);
#1883=AXIS2_PLACEMENT_3D('',#2842,#2329,#2330);
#1884=AXIS2_PLACEMENT_3D('',#2843,#2331,#2332);
#1885=DIRECTION('',(0.,0.,1.));
#1886=DIRECTION('',(1.,0.,0.));
#1887=DIRECTION('',(0.,-1.,0.));
#1888=DIRECTION('',(1.,0.,0.));
#1889=DIRECTION('',(0.,0.,1.));
#1890=DIRECTION('',(1.,0.,0.));
#1891=DIRECTION('',(8.34001671142696E-17,0.,-1.));
#1892=DIRECTION('',(1.,0.,0.));
#1893=DIRECTION('',(0.,0.,1.));
#1894=DIRECTION('',(1.,0.,0.));
#1895=DIRECTION('',(0.,0.,-1.));
#1896=DIRECTION('',(1.,0.,0.));
#1897=DIRECTION('',(0.,0.,-1.));
#1898=DIRECTION('',(-1.,0.,0.));
#1899=DIRECTION('',(0.,0.,-1.));
#1900=DIRECTION('',(1.,0.,0.));
#1901=DIRECTION('',(0.,0.,1.));
#1902=DIRECTION('',(1.,0.,0.));
#1903=DIRECTION('',(0.,-1.,0.));
#1904=DIRECTION('',(1.,0.,0.));
#1905=DIRECTION('',(0.,0.,1.));
#1906=DIRECTION('',(1.,0.,0.));
#1907=DIRECTION('',(0.,0.,1.));
#1908=DIRECTION('',(-1.,0.,0.));
#1909=DIRECTION('',(0.,0.,-1.));
#1910=DIRECTION('',(-1.,0.,0.));
#1911=DIRECTION('',(0.,0.,1.));
#1912=DIRECTION('',(-1.,0.,0.));
#1913=DIRECTION('',(0.,0.,-1.));
#1914=DIRECTION('',(1.,0.,0.));
#1915=DIRECTION('',(0.,0.,1.));
#1916=DIRECTION('',(1.,0.,0.));
#1917=DIRECTION('',(8.34001671142696E-17,0.,-1.));
#1918=DIRECTION('',(1.,0.,0.));
#1919=DIRECTION('',(0.,0.,-1.));
#1920=DIRECTION('',(-1.,0.,0.));
#1921=DIRECTION('',(0.,-1.,0.));
#1922=DIRECTION('',(0.,-1.,0.));
#1923=DIRECTION('',(0.,0.,-1.));
#1924=DIRECTION('',(-1.,0.,0.));
#1925=DIRECTION('',(-1.11953757726803E-16,1.,0.));
#1926=DIRECTION('',(1.,1.11953757726803E-16,0.));
#1927=DIRECTION('',(1.,0.,0.));
#1928=DIRECTION('',(1.,1.11953757726803E-16,0.));
#1929=DIRECTION('',(-1.11953757726803E-16,1.,0.));
#1930=DIRECTION('',(1.,1.11953757726803E-16,0.));
#1931=DIRECTION('',(1.,1.11953757726803E-16,0.));
#1932=DIRECTION('',(-1.11953757726803E-16,1.,0.));
#1933=DIRECTION('',(-1.11953757726803E-16,1.,0.));
#1934=DIRECTION('',(0.,0.,-1.));
#1935=DIRECTION('',(0.,0.,1.));
#1936=DIRECTION('',(-1.11953757726803E-16,1.,0.));
#1937=DIRECTION('',(0.,0.,-1.));
#1938=DIRECTION('',(-1.11953757726803E-16,1.,0.));
#1939=DIRECTION('',(0.,0.,1.));
#1940=DIRECTION('',(-1.11953757726803E-16,1.,0.));
#1941=DIRECTION('',(0.,0.,-1.));
#1942=DIRECTION('',(-1.11953757726803E-16,1.,0.));
#1943=DIRECTION('',(0.,0.,1.));
#1944=DIRECTION('',(0.,0.,-1.));
#1945=DIRECTION('',(-1.,0.,0.));
#1946=DIRECTION('',(1.,1.11953757726803E-16,0.));
#1947=DIRECTION('',(-1.11953757726803E-16,1.,0.));
#1948=DIRECTION('',(0.707106781186548,0.707106781186548,0.));
#1949=DIRECTION('',(0.,-1.,0.));
#1950=DIRECTION('',(0.707106781186548,0.707106781186548,0.));
#1951=DIRECTION('',(0.,0.,1.));
#1952=DIRECTION('',(1.,0.,0.));
#1953=DIRECTION('',(0.707106781186548,0.707106781186548,0.));
#1954=DIRECTION('',(0.,0.,1.));
#1955=DIRECTION('',(1.,0.,0.));
#1956=DIRECTION('',(-0.707106781186548,-0.707106781186548,0.));
#1957=DIRECTION('',(0.707106781186548,-0.707106781186548,0.));
#1958=DIRECTION('',(0.,0.,1.));
#1959=DIRECTION('',(0.707106781186548,-0.707106781186548,0.));
#1960=DIRECTION('',(0.,0.,1.));
#1961=DIRECTION('',(0.707106781186548,-0.707106781186548,0.));
#1962=DIRECTION('',(0.707106781186548,-0.707106781186548,0.));
#1963=DIRECTION('',(0.707106781186548,0.707106781186548,0.));
#1964=DIRECTION('',(0.,0.,1.));
#1965=DIRECTION('',(0.707106781186548,0.707106781186548,0.));
#1966=DIRECTION('',(0.707106781186546,0.707106781186549,0.));
#1967=DIRECTION('',(-0.707106781186549,0.707106781186546,0.));
#1968=DIRECTION('',(0.,0.,1.));
#1969=DIRECTION('',(-0.707106781186549,0.707106781186546,0.));
#1970=DIRECTION('',(-0.707106781186549,0.707106781186546,0.));
#1971=DIRECTION('',(-0.707106781186548,0.707106781186547,0.));
#1972=DIRECTION('',(-0.707106781186547,-0.707106781186548,0.));
#1973=DIRECTION('',(0.,0.,1.));
#1974=DIRECTION('',(-0.707106781186547,-0.707106781186548,0.));
#1975=DIRECTION('',(0.,0.,1.));
#1976=DIRECTION('',(-0.707106781186547,-0.707106781186548,0.));
#1977=DIRECTION('',(0.,0.,1.));
#1978=DIRECTION('',(1.,0.,0.));
#1979=DIRECTION('',(0.707106781186548,0.707106781186548,0.));
#1980=DIRECTION('',(0.,0.,1.));
#1981=DIRECTION('',(1.,0.,0.));
#1982=DIRECTION('',(0.707106781186548,0.707106781186548,0.));
#1983=DIRECTION('',(-1.11953757726803E-16,1.,0.));
#1984=DIRECTION('',(-0.707106781186549,0.707106781186546,0.));
#1985=DIRECTION('',(0.,0.,1.));
#1986=DIRECTION('',(1.,0.,0.));
#1987=DIRECTION('',(-0.707106781186549,0.707106781186546,0.));
#1988=DIRECTION('',(-1.,0.,0.));
#1989=DIRECTION('',(-0.707106781186547,-0.707106781186548,0.));
#1990=DIRECTION('',(0.,0.,1.));
#1991=DIRECTION('',(1.,0.,0.));
#1992=DIRECTION('',(-0.707106781186547,-0.707106781186548,0.));
#1993=DIRECTION('',(0.,-1.,0.));
#1994=DIRECTION('',(0.707106781186548,-0.707106781186548,0.));
#1995=DIRECTION('',(0.,0.,1.));
#1996=DIRECTION('',(1.,0.,0.));
#1997=DIRECTION('',(0.707106781186548,-0.707106781186548,0.));
#1998=DIRECTION('',(1.,0.,0.));
#1999=DIRECTION('',(1.,2.89120579329468E-16,0.));
#2000=DIRECTION('',(0.,0.,1.));
#2001=DIRECTION('',(1.,0.,0.));
#2002=DIRECTION('',(1.44560289664734E-16,-1.,0.));
#2003=DIRECTION('',(0.,0.,1.));
#2004=DIRECTION('',(1.,0.,0.));
#2005=DIRECTION('',(-1.,0.,0.));
#2006=DIRECTION('',(0.,0.,1.));
#2007=DIRECTION('',(1.,0.,0.));
#2008=DIRECTION('',(-1.44560289664734E-16,1.,0.));
#2009=DIRECTION('',(0.,0.,1.));
#2010=DIRECTION('',(1.,0.,0.));
#2011=DIRECTION('',(0.,0.,1.));
#2012=DIRECTION('',(1.,0.,0.));
#2013=DIRECTION('',(0.707106781186548,0.707106781186548,0.));
#2014=DIRECTION('',(0.,0.,1.));
#2015=DIRECTION('',(1.,0.,0.));
#2016=DIRECTION('',(0.707106781186548,-0.707106781186548,0.));
#2017=DIRECTION('',(0.,0.,1.));
#2018=DIRECTION('',(1.,0.,0.));
#2019=DIRECTION('',(0.,-1.,0.));
#2020=DIRECTION('',(-0.707106781186547,-0.707106781186548,0.));
#2021=DIRECTION('',(0.,0.,1.));
#2022=DIRECTION('',(1.,0.,0.));
#2023=DIRECTION('',(-1.,0.,0.));
#2024=DIRECTION('',(-0.707106781186549,0.707106781186546,0.));
#2025=DIRECTION('',(0.,0.,1.));
#2026=DIRECTION('',(1.,0.,0.));
#2027=DIRECTION('',(-1.,0.,0.));
#2028=DIRECTION('',(0.,0.,1.));
#2029=DIRECTION('',(1.,0.,0.));
#2030=DIRECTION('',(1.44560289664734E-16,-1.,0.));
#2031=DIRECTION('',(0.,0.,1.));
#2032=DIRECTION('',(1.,0.,0.));
#2033=DIRECTION('',(1.,2.89120579329468E-16,0.));
#2034=DIRECTION('',(0.,0.,1.));
#2035=DIRECTION('',(1.,0.,0.));
#2036=DIRECTION('',(-1.44560289664734E-16,1.,0.));
#2037=DIRECTION('',(0.,0.,1.));
#2038=DIRECTION('',(1.,0.,0.));
#2039=DIRECTION('',(0.,1.,0.));
#2040=DIRECTION('',(-1.,0.,0.));
#2041=DIRECTION('',(1.,0.,0.));
#2042=DIRECTION('',(0.,0.,-1.));
#2043=DIRECTION('',(-1.,0.,0.));
#2044=DIRECTION('',(0.,0.,1.));
#2045=DIRECTION('',(-1.,0.,3.48198208746851E-16));
#2046=DIRECTION('',(-4.51750905202294E-16,0.,-1.));
#2047=DIRECTION('',(-1.,0.,0.));
#2048=DIRECTION('',(-6.67201336914156E-16,0.,-1.));
#2049=DIRECTION('',(-1.,0.,1.60622544071926E-16));
#2050=DIRECTION('',(0.,0.,-1.));
#2051=DIRECTION('',(-1.,0.,2.9909025447876E-16));
#2052=DIRECTION('',(3.61400724161835E-16,0.,1.));
#2053=DIRECTION('',(-1.,0.,0.));
#2054=DIRECTION('',(0.,0.,-1.));
#2055=DIRECTION('',(-1.,0.,0.));
#2056=DIRECTION('',(0.,-1.,0.));
#2057=DIRECTION('',(0.,0.,-1.));
#2058=DIRECTION('',(0.,-1.,0.));
#2059=DIRECTION('',(0.,0.,-1.));
#2060=DIRECTION('',(0.,-1.,0.));
#2061=DIRECTION('',(0.,0.,1.));
#2062=DIRECTION('',(0.,-1.,0.));
#2063=DIRECTION('',(0.,0.,1.));
#2064=DIRECTION('',(0.,-1.,0.));
#2065=DIRECTION('',(0.,1.,0.));
#2066=DIRECTION('',(0.,0.,1.));
#2067=DIRECTION('',(0.,0.,-1.));
#2068=DIRECTION('',(1.,0.,0.));
#2069=DIRECTION('',(0.,0.,-1.));
#2070=DIRECTION('',(-1.,0.,0.));
#2071=DIRECTION('',(3.61400724161835E-16,0.,1.));
#2072=DIRECTION('',(-1.,0.,2.9909025447876E-16));
#2073=DIRECTION('',(0.,0.,-1.));
#2074=DIRECTION('',(-1.,0.,1.60622544071926E-16));
#2075=DIRECTION('',(-6.67201336914156E-16,0.,-1.));
#2076=DIRECTION('',(-1.,0.,0.));
#2077=DIRECTION('',(-4.51750905202294E-16,0.,-1.));
#2078=DIRECTION('',(-1.,0.,3.48198208746851E-16));
#2079=DIRECTION('',(0.,0.,1.));
#2080=DIRECTION('',(-1.,0.,0.));
#2081=DIRECTION('',(0.,0.,-1.));
#2082=DIRECTION('',(1.,0.,0.));
#2083=DIRECTION('',(1.,0.,-4.51750905202294E-16));
#2084=DIRECTION('',(-4.51750905202294E-16,0.,-1.));
#2085=DIRECTION('',(0.,1.,0.));
#2086=DIRECTION('',(0.,1.,0.));
#2087=DIRECTION('',(-1.,0.,0.));
#2088=DIRECTION('',(0.,0.,1.));
#2089=DIRECTION('',(0.,0.,-1.));
#2090=DIRECTION('',(0.,1.,0.));
#2091=DIRECTION('',(0.,0.,-1.));
#2092=DIRECTION('',(0.,-1.,0.));
#2093=DIRECTION('',(0.,0.,1.));
#2094=DIRECTION('',(0.,-1.,0.));
#2095=DIRECTION('',(0.,0.,1.));
#2096=DIRECTION('',(0.,-1.,0.));
#2097=DIRECTION('',(0.,0.,-1.));
#2098=DIRECTION('',(0.,-1.,0.));
#2099=DIRECTION('',(0.,0.,-1.));
#2100=DIRECTION('',(-1.,0.,0.));
#2101=DIRECTION('',(1.,1.11953757726803E-16,0.));
#2102=DIRECTION('',(-1.11953757726803E-16,1.,0.));
#2103=DIRECTION('',(1.,1.11953757726803E-16,0.));
#2104=DIRECTION('',(0.707106781186547,0.707106781186548,0.));
#2105=DIRECTION('',(-0.707106781186548,0.707106781186548,0.));
#2106=DIRECTION('',(-0.707106781186548,0.707106781186548,0.));
#2107=DIRECTION('',(0.707106781186548,-0.707106781186548,0.));
#2108=DIRECTION('',(-0.707106781186548,0.707106781186547,0.));
#2109=DIRECTION('',(-0.707106781186548,-0.707106781186548,0.));
#2110=DIRECTION('',(0.,0.,-1.));
#2111=DIRECTION('',(-0.707106781186548,-0.707106781186548,0.));
#2112=DIRECTION('',(-1.,-1.11953757726803E-16,0.));
#2113=DIRECTION('',(1.11953757726803E-16,-1.,0.));
#2114=DIRECTION('',(0.,0.,1.));
#2115=DIRECTION('',(-1.11953757726803E-16,1.,0.));
#2116=DIRECTION('',(0.,0.,-1.));
#2117=DIRECTION('',(0.,0.,1.));
#2118=DIRECTION('',(0.,0.,-1.));
#2119=DIRECTION('',(-1.11953757726803E-16,1.,0.));
#2120=DIRECTION('',(0.,0.,-1.));
#2121=DIRECTION('',(1.11953757726803E-16,-1.,0.));
#2122=DIRECTION('',(0.707106781186546,0.707106781186549,0.));
#2123=DIRECTION('',(-0.707106781186549,0.707106781186546,0.));
#2124=DIRECTION('',(0.707106781186549,-0.707106781186546,0.));
#2125=DIRECTION('',(-0.707106781186549,0.707106781186546,0.));
#2126=DIRECTION('',(0.707106781186548,-0.707106781186547,0.));
#2127=DIRECTION('',(0.707106781186547,0.707106781186548,0.));
#2128=DIRECTION('',(0.707106781186547,0.707106781186548,0.));
#2129=DIRECTION('',(-0.707106781186547,-0.707106781186548,0.));
#2130=DIRECTION('',(0.,0.,-1.));
#2131=DIRECTION('',(-1.,0.,0.));
#2132=DIRECTION('',(1.,1.11953757726803E-16,0.));
#2133=DIRECTION('',(0.,0.,1.));
#2134=DIRECTION('',(1.,0.,0.));
#2135=DIRECTION('',(-0.707106781186549,0.707106781186546,0.));
#2136=DIRECTION('',(0.,1.,0.));
#2137=DIRECTION('',(1.,1.11953757726803E-16,0.));
#2138=DIRECTION('',(-1.,0.,0.));
#2139=DIRECTION('',(0.,0.,1.));
#2140=DIRECTION('',(1.,0.,0.));
#2141=DIRECTION('',(-1.,0.,3.61400724161835E-16));
#2142=DIRECTION('',(3.61400724161835E-16,0.,1.));
#2143=DIRECTION('',(0.,1.,0.));
#2144=DIRECTION('',(-2.9909025447876E-16,0.,-1.));
#2145=DIRECTION('',(-1.,0.,2.9909025447876E-16));
#2146=DIRECTION('',(0.,1.,0.));
#2147=DIRECTION('',(1.,0.,0.));
#2148=DIRECTION('',(0.,0.,-1.));
#2149=DIRECTION('',(0.,1.,0.));
#2150=DIRECTION('',(-1.60622544071926E-16,0.,-1.));
#2151=DIRECTION('',(-1.,0.,1.60622544071926E-16));
#2152=DIRECTION('',(0.,1.,0.));
#2153=DIRECTION('',(1.,0.,-6.67201336914156E-16));
#2154=DIRECTION('',(-6.67201336914156E-16,0.,-1.));
#2155=DIRECTION('',(0.,1.,0.));
#2156=DIRECTION('',(0.,0.,-1.));
#2157=DIRECTION('',(-1.,0.,0.));
#2158=DIRECTION('',(-1.,0.,0.));
#2159=DIRECTION('',(0.,0.,1.));
#2160=DIRECTION('',(0.,1.,0.));
#2161=DIRECTION('',(0.,1.,0.));
#2162=DIRECTION('',(0.,0.,-1.));
#2163=DIRECTION('',(-1.,0.,0.));
#2164=DIRECTION('',(0.,1.,0.));
#2165=DIRECTION('',(1.,0.,0.));
#2166=DIRECTION('',(0.,0.,-1.));
#2167=DIRECTION('',(0.,1.,0.));
#2168=DIRECTION('',(0.,0.,1.));
#2169=DIRECTION('',(1.,0.,0.));
#2170=DIRECTION('',(0.,0.,1.));
#2171=DIRECTION('',(1.,0.,0.));
#2172=DIRECTION('',(-0.707106781186547,-0.707106781186548,0.));
#2173=DIRECTION('',(-1.,0.,0.));
#2174=DIRECTION('',(0.,0.,1.));
#2175=DIRECTION('',(1.,0.,0.));
#2176=DIRECTION('',(0.,0.,-1.));
#2177=DIRECTION('',(-1.,0.,0.));
#2178=DIRECTION('',(0.,0.,1.));
#2179=DIRECTION('',(1.,0.,0.));
#2180=DIRECTION('',(0.707106781186548,-0.707106781186548,0.));
#2181=DIRECTION('',(0.,-1.,0.));
#2182=DIRECTION('',(-1.,0.,0.));
#2183=DIRECTION('',(0.,0.,1.));
#2184=DIRECTION('',(1.,0.,0.));
#2185=DIRECTION('',(1.11953757726803E-16,-1.,0.));
#2186=DIRECTION('',(1.,1.11953757726803E-16,0.));
#2187=DIRECTION('',(1.,1.11953757726803E-16,0.));
#2188=DIRECTION('',(0.,0.,-1.));
#2189=DIRECTION('',(-1.,0.,0.));
#2190=DIRECTION('',(1.,1.11953757726803E-16,0.));
#2191=DIRECTION('',(-1.11953757726803E-16,1.,0.));
#2192=DIRECTION('',(-1.,-1.11953757726803E-16,0.));
#2193=DIRECTION('',(0.,-1.,0.));
#2194=DIRECTION('',(0.,0.,-1.));
#2195=DIRECTION('',(-1.,0.,0.));
#2196=DIRECTION('',(0.,1.,0.));
#2197=DIRECTION('',(0.,0.,1.));
#2198=DIRECTION('',(-1.,0.,0.));
#2199=DIRECTION('',(0.,0.,-1.));
#2200=DIRECTION('',(-1.,0.,0.));
#2201=DIRECTION('',(-1.,0.,0.));
#2202=DIRECTION('',(0.,-1.,0.));
#2203=DIRECTION('',(0.,0.,-1.));
#2204=DIRECTION('',(-1.,0.,0.));
#2205=DIRECTION('',(0.,0.,-1.));
#2206=DIRECTION('',(-1.,0.,0.));
#2207=DIRECTION('',(-3.48198208746851E-16,0.,-1.));
#2208=DIRECTION('',(-1.,0.,3.48198208746851E-16));
#2209=DIRECTION('',(1.,0.,0.));
#2210=DIRECTION('',(0.,0.,-1.));
#2211=DIRECTION('',(-1.,0.,0.));
#2212=DIRECTION('',(0.,0.,1.));
#2213=DIRECTION('',(0.,-1.,0.));
#2214=DIRECTION('',(0.,0.,-1.));
#2215=DIRECTION('',(-1.,0.,0.));
#2216=DIRECTION('',(0.,-1.,0.));
#2217=DIRECTION('',(1.,0.,0.));
#2218=DIRECTION('',(0.,0.,-1.));
#2219=DIRECTION('',(0.,-1.,0.));
#2220=DIRECTION('',(0.,0.,-1.));
#2221=DIRECTION('',(-1.,0.,0.));
#2222=DIRECTION('',(0.,-1.,0.));
#2223=DIRECTION('',(-0.707106781186548,-0.707106781186548,0.));
#2224=DIRECTION('',(0.707106781186548,-0.707106781186548,0.));
#2225=DIRECTION('',(0.,0.,1.));
#2226=DIRECTION('',(0.707106781186548,-0.707106781186548,0.));
#2227=DIRECTION('',(0.707106781186548,0.707106781186548,0.));
#2228=DIRECTION('',(0.,0.,1.));
#2229=DIRECTION('',(0.707106781186546,0.707106781186549,0.));
#2230=DIRECTION('',(-0.707106781186549,0.707106781186546,0.));
#2231=DIRECTION('',(0.,0.,1.));
#2232=DIRECTION('',(-0.707106781186548,0.707106781186547,0.));
#2233=DIRECTION('',(-0.707106781186547,-0.707106781186548,0.));
#2234=DIRECTION('',(0.,0.,1.));
#2235=DIRECTION('',(0.,1.,0.));
#2236=DIRECTION('',(0.,0.,1.));
#2237=DIRECTION('',(0.,0.,1.));
#2238=DIRECTION('',(0.,0.,1.));
#2239=DIRECTION('',(-1.,-1.44560289664734E-16,0.));
#2240=DIRECTION('',(1.44560289664734E-16,-1.,0.));
#2241=DIRECTION('',(0.,0.,1.));
#2242=DIRECTION('',(0.,0.,1.));
#2243=DIRECTION('',(2.89120579329468E-16,-1.,0.));
#2244=DIRECTION('',(1.,2.89120579329468E-16,0.));
#2245=DIRECTION('',(0.,0.,1.));
#2246=DIRECTION('',(0.,0.,1.));
#2247=DIRECTION('',(1.,1.44560289664734E-16,0.));
#2248=DIRECTION('',(-1.44560289664734E-16,1.,0.));
#2249=DIRECTION('',(0.,0.,1.));
#2250=DIRECTION('',(0.,0.,1.));
#2251=DIRECTION('',(0.,0.,-1.));
#2252=DIRECTION('',(-1.,0.,0.));
#2253=DIRECTION('',(0.,0.,-1.));
#2254=DIRECTION('',(-1.,0.,0.));
#2255=DIRECTION('',(0.,0.,-1.));
#2256=DIRECTION('',(-1.,0.,0.));
#2257=DIRECTION('',(0.,0.,-1.));
#2258=DIRECTION('',(-1.,0.,0.));
#2259=DIRECTION('',(0.,0.,1.));
#2260=DIRECTION('',(1.,0.,0.));
#2261=DIRECTION('',(0.,0.,1.));
#2262=DIRECTION('',(1.,0.,0.));
#2263=DIRECTION('',(0.,0.,1.));
#2264=DIRECTION('',(1.,0.,0.));
#2265=DIRECTION('',(0.,0.,1.));
#2266=DIRECTION('',(1.,0.,0.));
#2267=DIRECTION('',(0.,0.707106781186548,-0.707106781186548));
#2268=DIRECTION('',(-1.,0.,0.));
#2269=DIRECTION('',(0.281084637714825,-0.678598344545846,-0.678598344545846));
#2270=DIRECTION('',(0.281084637714822,0.678598344545847,0.678598344545847));
#2271=DIRECTION('',(-0.5,-0.5,0.707106781186548));
#2272=DIRECTION('',(-0.707106781186548,0.707106781186548,0.));
#2273=DIRECTION('',(0.678598344545847,0.281084637714821,0.678598344545847));
#2274=DIRECTION('',(0.707106781186547,0.,-0.707106781186548));
#2275=DIRECTION('',(0.,1.,0.));
#2276=DIRECTION('',(0.678598344545847,-0.281084637714821,0.678598344545847));
#2277=DIRECTION('',(-0.5,0.5,0.707106781186548));
#2278=DIRECTION('',(0.707106781186547,0.707106781186548,0.));
#2279=DIRECTION('',(0.281084637714821,-0.678598344545847,0.678598344545847));
#2280=DIRECTION('',(0.,-0.707106781186547,-0.707106781186548));
#2281=DIRECTION('',(1.,0.,0.));
#2282=DIRECTION('',(0.281084637714816,0.678598344545848,-0.678598344545848));
#2283=DIRECTION('',(-0.5,-0.5,-0.707106781186546));
#2284=DIRECTION('',(0.707106781186549,-0.707106781186546,0.));
#2285=DIRECTION('',(-0.678598344545848,-0.281084637714818,0.678598344545847));
#2286=DIRECTION('',(0.707106781186547,7.9163261267938E-17,0.707106781186548));
#2287=DIRECTION('',(1.11953757726803E-16,-1.,0.));
#2288=DIRECTION('',(0.678598344545847,-0.281084637714824,-0.678598344545846));
#2289=DIRECTION('',(0.5,-0.5,0.707106781186549));
#2290=DIRECTION('',(-0.707106781186548,-0.707106781186548,0.));
#2291=DIRECTION('',(-1.11953757726803E-16,1.,0.));
#2292=DIRECTION('',(-1.,-1.11953757726803E-16,0.));
#2293=DIRECTION('',(1.11953757726803E-16,-1.,0.));
#2294=DIRECTION('',(1.,1.11953757726803E-16,0.));
#2295=DIRECTION('',(0.,0.,-1.));
#2296=DIRECTION('',(1.11953757726803E-16,-1.,0.));
#2297=DIRECTION('',(1.,1.11953757726803E-16,0.));
#2298=DIRECTION('',(0.,0.,1.));
#2299=DIRECTION('',(0.,-1.,0.));
#2300=DIRECTION('',(0.,0.,1.));
#2301=DIRECTION('',(0.,0.,1.));
#2302=DIRECTION('',(1.,0.,0.));
#2303=DIRECTION('',(0.,0.,1.));
#2304=DIRECTION('',(1.,0.,0.));
#2305=DIRECTION('',(0.,0.,1.));
#2306=DIRECTION('',(1.,0.,0.));
#2307=DIRECTION('',(0.,0.,1.));
#2308=DIRECTION('',(1.,0.,0.));
#2309=DIRECTION('',(0.,0.,1.));
#2310=DIRECTION('',(1.,0.,0.));
#2311=DIRECTION('',(0.,0.,1.));
#2312=DIRECTION('',(1.,0.,0.));
#2313=DIRECTION('',(0.,0.,1.));
#2314=DIRECTION('',(1.,0.,0.));
#2315=DIRECTION('',(0.,0.,1.));
#2316=DIRECTION('',(1.,0.,0.));
#2317=DIRECTION('',(0.,0.,1.));
#2318=DIRECTION('',(1.,0.,0.));
#2319=DIRECTION('',(0.,0.,1.));
#2320=DIRECTION('',(1.,0.,0.));
#2321=DIRECTION('',(0.,0.,1.));
#2322=DIRECTION('',(1.,0.,0.));
#2323=DIRECTION('',(0.,0.,1.));
#2324=DIRECTION('',(1.,0.,0.));
#2325=DIRECTION('',(0.,0.,-1.));
#2326=DIRECTION('',(-1.,0.,0.));
#2327=DIRECTION('',(0.,-1.,0.));
#2328=DIRECTION('',(0.,-1.,0.));
#2329=DIRECTION('',(-1.,0.,-8.34001671142696E-17));
#2330=DIRECTION('',(-8.34001671142696E-17,0.,1.));
#2331=DIRECTION('',(1.,0.,0.));
#2332=DIRECTION('',(0.,0.,-1.));
#2333=CARTESIAN_POINT('',(0.,0.,0.));
#2334=CARTESIAN_POINT('',(0.,-0.0015,-0.00525));
#2335=CARTESIAN_POINT('',(-0.006899,-0.0015,-0.004255));
#2336=CARTESIAN_POINT('',(-0.006899,-0.0015,-0.005555));
#2337=CARTESIAN_POINT('',(-0.006899,-0.0015,-0.002755));
#2338=CARTESIAN_POINT('',(-0.003999,-0.0015,-0.002755));
#2339=CARTESIAN_POINT('',(-0.001099,-0.0015,-0.002755));
#2340=CARTESIAN_POINT('',(-0.001099,-0.0015,-0.004255));
#2341=CARTESIAN_POINT('',(-0.001099,-0.0015,-0.005555));
#2342=CARTESIAN_POINT('',(0.0001295,-0.0015,-0.005555));
#2343=CARTESIAN_POINT('',(0.001558,-0.0015,-0.005555));
#2344=CARTESIAN_POINT('',(0.001558,-0.0015,-0.0052355));
#2345=CARTESIAN_POINT('',(0.001558,-0.0015,-0.004916));
#2346=CARTESIAN_POINT('',(0.0070265,-0.0015,-0.004916));
#2347=CARTESIAN_POINT('',(0.012495,-0.0015,-0.004916));
#2348=CARTESIAN_POINT('',(0.012495,-0.0015,-0.007708));
#2349=CARTESIAN_POINT('',(0.012495,-0.0015,-0.0105));
#2350=CARTESIAN_POINT('',(-0.014044,-0.0015,-0.0105));
#2351=CARTESIAN_POINT('',(0.015495,-0.0015,-0.0105));
#2352=CARTESIAN_POINT('',(0.015495,-0.0015,-0.00525));
#2353=CARTESIAN_POINT('',(0.015495,-0.0015,0.0005));
#2354=CARTESIAN_POINT('',(0.,-0.0015,0.0005));
#2355=CARTESIAN_POINT('',(-0.015495,-0.0015,0.0005));
#2356=CARTESIAN_POINT('',(-0.015495,-0.0015,-0.00525));
#2357=CARTESIAN_POINT('',(-0.015495,-0.0015,-0.0105));
#2358=CARTESIAN_POINT('',(-0.014044,-0.0015,-0.0105));
#2359=CARTESIAN_POINT('',(-0.009599,-0.0015,-0.0105));
#2360=CARTESIAN_POINT('',(-0.009599,-0.0015,-0.0080275));
#2361=CARTESIAN_POINT('',(-0.009599,-0.0015,-0.005555));
#2362=CARTESIAN_POINT('',(-0.008149,-0.0015,-0.005555));
#2363=CARTESIAN_POINT('',(0.,0.,-0.00525));
#2364=CARTESIAN_POINT('',(-0.006899,0.,-0.00525));
#2365=CARTESIAN_POINT('',(-0.006899,0.,-0.005555));
#2366=CARTESIAN_POINT('',(-0.006899,0.,-0.002755));
#2367=CARTESIAN_POINT('',(0.,0.,-0.005555));
#2368=CARTESIAN_POINT('',(-0.009599,0.,-0.005555));
#2369=CARTESIAN_POINT('',(-0.009599,0.,-0.00525));
#2370=CARTESIAN_POINT('',(-0.009599,0.,-0.0105));
#2371=CARTESIAN_POINT('',(0.013241,0.,-0.0105));
#2372=CARTESIAN_POINT('',(-0.0148736796564404,0.,-0.0105));
#2373=CARTESIAN_POINT('',(-0.0148736796564404,0.,-0.00525));
#2374=CARTESIAN_POINT('',(-0.0148736796564404,-8.67361737988404E-19,0.));
#2375=CARTESIAN_POINT('',(0.,0.,0.));
#2376=CARTESIAN_POINT('',(0.0148736796564404,-1.95156391047391E-18,0.));
#2377=CARTESIAN_POINT('',(0.0148736796564404,0.,-0.00525));
#2378=CARTESIAN_POINT('',(0.0148736796564404,-4.33680868994202E-19,-0.0105));
#2379=CARTESIAN_POINT('',(0.013241,0.,-0.0105));
#2380=CARTESIAN_POINT('',(0.012495,0.,-0.0105));
#2381=CARTESIAN_POINT('',(0.012495,0.,-0.00525));
#2382=CARTESIAN_POINT('',(0.012495,0.,-0.004916));
#2383=CARTESIAN_POINT('',(0.,0.,-0.004916));
#2384=CARTESIAN_POINT('',(0.001558,0.,-0.004916));
#2385=CARTESIAN_POINT('',(0.001558,0.,-0.00525));
#2386=CARTESIAN_POINT('',(0.001558,0.,-0.005555));
#2387=CARTESIAN_POINT('',(0.,0.,-0.005555));
#2388=CARTESIAN_POINT('',(-0.001099,0.,-0.005555));
#2389=CARTESIAN_POINT('',(-0.001099,0.,-0.00525));
#2390=CARTESIAN_POINT('',(-0.001099,0.,-0.002755));
#2391=CARTESIAN_POINT('',(0.,0.,-0.002755));
#2392=CARTESIAN_POINT('',(-0.008149,0.0067,-0.005555));
#2393=CARTESIAN_POINT('',(-0.006899,0.0067,-0.005555));
#2394=CARTESIAN_POINT('',(-0.009599,0.0067,-0.005555));
#2395=CARTESIAN_POINT('',(0.017438,0.033013,-0.009676));
#2396=CARTESIAN_POINT('',(0.019638,0.019638,-0.009676));
#2397=CARTESIAN_POINT('',(0.019638,0.031893,-0.009676));
#2398=CARTESIAN_POINT('',(0.019638,0.033833,-0.009676));
#2399=CARTESIAN_POINT('',(0.017438,0.033833,-0.009676));
#2400=CARTESIAN_POINT('',(0.0200168881922075,0.0338327219523105,-0.009676));
#2401=CARTESIAN_POINT('',(0.020137443904621,0.033832443904621,-0.009676));
#2402=CARTESIAN_POINT('',(0.0201377914642329,0.0338327219523105,-0.009676));
#2403=CARTESIAN_POINT('',(0.017438,0.033833,-0.009676));
#2404=CARTESIAN_POINT('',(0.021138,0.033833,-0.009676));
#2405=CARTESIAN_POINT('',(0.021138,0.033013,-0.009676));
#2406=CARTESIAN_POINT('',(0.021138,0.031893,-0.009676));
#2407=CARTESIAN_POINT('',(0.017438,0.031893,-0.009676));
#2408=CARTESIAN_POINT('',(0.019638,0.019638,-0.0045));
#2409=CARTESIAN_POINT('',(0.019638,0.019638,-0.0105));
#2410=CARTESIAN_POINT('',(0.019638,0.033833,-0.0105));
#2411=CARTESIAN_POINT('',(0.019638,0.0345116796564403,-0.0105));
#2412=CARTESIAN_POINT('',(0.019638,0.033833,-0.0045));
#2413=CARTESIAN_POINT('',(0.019638,0.031893,-0.0045));
#2414=CARTESIAN_POINT('',(0.019638,0.031893,-0.0105));
#2415=CARTESIAN_POINT('',(0.019638,0.019638,-0.0105));
#2416=CARTESIAN_POINT('',(0.019638,0.030625,-0.0105));
#2417=CARTESIAN_POINT('',(0.019638,0.030625,-0.0045));
#2418=CARTESIAN_POINT('',(0.019638,0.030625,-0.00718));
#2419=CARTESIAN_POINT('',(0.019638,0.019638,-0.00718));
#2420=CARTESIAN_POINT('',(0.019638,0.006545,-0.00718));
#2421=CARTESIAN_POINT('',(0.019638,0.006545,-0.0045));
#2422=CARTESIAN_POINT('',(0.019638,0.006545,-0.0105));
#2423=CARTESIAN_POINT('',(0.019638,0.019638,-0.0105));
#2424=CARTESIAN_POINT('',(0.019638,0.00476432034355963,-0.0105));
#2425=CARTESIAN_POINT('',(0.019638,0.00476432034355964,-0.0045));
#2426=CARTESIAN_POINT('',(0.019638,0.00476432034355964,0.));
#2427=CARTESIAN_POINT('',(0.019638,0.019638,0.));
#2428=CARTESIAN_POINT('',(0.019638,0.0345116796564403,0.));
#2429=CARTESIAN_POINT('',(0.019638,0.0345116796564403,-0.0045));
#2430=CARTESIAN_POINT('',(0.013241,-0.0015,-0.0105));
#2431=CARTESIAN_POINT('',(-0.003862,0.006545,-0.0105));
#2432=CARTESIAN_POINT('',(0.021138,0.006545,-0.0105));
#2433=CARTESIAN_POINT('',(0.021138,0.019638,-0.0105));
#2434=CARTESIAN_POINT('',(0.021138,0.004143,-0.0105));
#2435=CARTESIAN_POINT('',(0.0183165,0.0013215,-0.0105));
#2436=CARTESIAN_POINT('',(0.012495,0.0067,-0.0105));
#2437=CARTESIAN_POINT('',(0.0172558398282202,0.00238216017177982,-0.0105));
#2438=CARTESIAN_POINT('',(0.0166017660556226,0.00172808639918226,-0.0105));
#2439=CARTESIAN_POINT('',(0.0154998678751412,0.00413813212485879,-0.0105));
#2440=CARTESIAN_POINT('',(0.0179099136008177,0.00303623394437738,-0.0105));
#2441=CARTESIAN_POINT('',(0.0172558398282202,0.00238216017177982,-0.0105));
#2442=CARTESIAN_POINT('',(0.0154998678751412,0.00413813212485879,-0.0105));
#2443=CARTESIAN_POINT('',(0.0170498678751412,0.00413813212485879,-0.0105));
#2444=CARTESIAN_POINT('',(-0.0172558398282202,0.00238216017177982,-0.0045));
#2445=CARTESIAN_POINT('',(-0.0179048146471906,0.00304133289800445,-0.0105));
#2446=CARTESIAN_POINT('',(-0.0179031252170093,0.00303022818151213,-0.0105));
#2447=CARTESIAN_POINT('',(-0.0179060893855974,0.00304005815959768,0.));
#2448=CARTESIAN_POINT('',(-0.0172558398282202,0.00238216017177982,-0.0105));
#2449=CARTESIAN_POINT('',(-0.019638,0.00476432034355964,-0.0105));
#2450=CARTESIAN_POINT('',(-0.019638,0.00476432034355964,-0.0045));
#2451=CARTESIAN_POINT('',(-0.019638,0.00476432034355964,0.));
#2452=CARTESIAN_POINT('',(-0.0172558398282202,0.00238216017177982,0.));
#2453=CARTESIAN_POINT('',(0.0172558398282202,0.00238216017177982,-0.0045));
#2454=CARTESIAN_POINT('',(0.0166017660556226,0.00172808639918226,-0.0105));
#2455=CARTESIAN_POINT('',(0.0166017660556227,0.00172808639918225,0.));
#2456=CARTESIAN_POINT('',(0.0172558398282202,0.00238216017177982,0.));
#2457=CARTESIAN_POINT('',(0.0172558398282202,0.0368938398282202,-0.0045));
#2458=CARTESIAN_POINT('',(0.0179099136008177,0.0362397660556227,-0.0105));
#2459=CARTESIAN_POINT('',(0.0179099136008177,0.0362397660556227,-0.0105));
#2460=CARTESIAN_POINT('',(0.0179099136008177,0.0362397660556227,0.));
#2461=CARTESIAN_POINT('',(0.0172558398282202,0.0368938398282202,-0.0105));
#2462=CARTESIAN_POINT('',(0.0172558398282202,0.0368938398282202,0.));
#2463=CARTESIAN_POINT('',(-0.0172558398282202,0.0368938398282202,-0.0045));
#2464=CARTESIAN_POINT('',(-0.0166017660556227,0.0375479136008178,-0.0105));
#2465=CARTESIAN_POINT('',(-0.0166017660556227,0.0375479136008178,-0.0105));
#2466=CARTESIAN_POINT('',(-0.0166017660556226,0.0375479136008178,0.));
#2467=CARTESIAN_POINT('',(-0.0172558398282202,0.0368938398282202,-0.0105));
#2468=CARTESIAN_POINT('',(-0.0148736796564404,0.039276,-0.0105));
#2469=CARTESIAN_POINT('',(-0.0148736796564404,0.039276,-0.0045));
#2470=CARTESIAN_POINT('',(-0.0148736796564404,0.039276,0.));
#2471=CARTESIAN_POINT('',(-0.0172558398282202,0.0368938398282201,0.));
#2472=CARTESIAN_POINT('',(-6.93889390390723E-18,0.019638,0.0015));
#2473=CARTESIAN_POINT('',(0.0204308932188134,0.00485010678118655,0.0015));
#2474=CARTESIAN_POINT('',(0.0150807864376269,-0.0005,0.0015));
#2475=CARTESIAN_POINT('',(0.0171608925784521,0.00158010614082523,0.0015));
#2476=CARTESIAN_POINT('',(0.0154998678751412,0.00413813212485879,0.0015));
#2477=CARTESIAN_POINT('',(0.0180578938591748,0.00247710742154787,0.0015));
#2478=CARTESIAN_POINT('',(0.0204308932188134,0.00485010678118655,0.0015));
#2479=CARTESIAN_POINT('',(0.020138,0.0045572135623731,0.0015));
#2480=CARTESIAN_POINT('',(0.020138,0.035133,0.0015));
#2481=CARTESIAN_POINT('',(0.020138,0.0347187864376269,0.0015));
#2482=CARTESIAN_POINT('',(0.0176093932188134,0.0372473932188135,0.0015));
#2483=CARTESIAN_POINT('',(0.0180578938591747,0.0367988925784523,0.0015));
#2484=CARTESIAN_POINT('',(0.0154998678751412,0.0351378678751412,0.0015));
#2485=CARTESIAN_POINT('',(0.0171608925784522,0.0376958938591746,0.0015));
#2486=CARTESIAN_POINT('',(0.0176093932188134,0.0372473932188135,0.0015));
#2487=CARTESIAN_POINT('',(0.0150807864376269,0.039776,0.0015));
#2488=CARTESIAN_POINT('',(-6.93889390390723E-18,0.039776,0.0015));
#2489=CARTESIAN_POINT('',(-0.0150807864376269,0.039776,0.0015));
#2490=CARTESIAN_POINT('',(-0.0204308932188134,0.0344258932188135,0.0015));
#2491=CARTESIAN_POINT('',(-0.0171608925784521,0.0376958938591747,0.0015));
#2492=CARTESIAN_POINT('',(-0.0154998678751412,0.0351378678751412,0.0015));
#2493=CARTESIAN_POINT('',(-0.0180578938591748,0.0367988925784521,0.0015));
#2494=CARTESIAN_POINT('',(-0.0204308932188134,0.0344258932188135,0.0015));
#2495=CARTESIAN_POINT('',(-0.020138,0.0347187864376269,0.0015));
#2496=CARTESIAN_POINT('',(-0.020138,0.019638,0.0015));
#2497=CARTESIAN_POINT('',(-0.020138,0.0045572135623731,0.0015));
#2498=CARTESIAN_POINT('',(-0.0157878932188135,0.000207106781186549,0.0015));
#2499=CARTESIAN_POINT('',(-0.0180332022339032,0.00245241579627632,0.0015));
#2500=CARTESIAN_POINT('',(-0.0154947689215142,0.00414323107848587,0.0015));
#2501=CARTESIAN_POINT('',(-0.0171855842037237,0.00160479776609678,0.0015));
#2502=CARTESIAN_POINT('',(-0.0157878932188135,0.000207106781186549,0.0015));
#2503=CARTESIAN_POINT('',(-0.0150807864376269,-0.0005,0.0015));
#2504=CARTESIAN_POINT('',(-6.93889390390723E-18,-0.0005,0.0015));
#2505=CARTESIAN_POINT('',(0.009138,0.021276,0.0015));
#2506=CARTESIAN_POINT('',(0.005038,0.021276,0.0015));
#2507=CARTESIAN_POINT('',(0.013238,0.021276,0.0015));
#2508=CARTESIAN_POINT('',(0.013238,0.019376,0.0015));
#2509=CARTESIAN_POINT('',(0.015138,0.019376,0.0015));
#2510=CARTESIAN_POINT('',(0.015138,0.015276,0.0015));
#2511=CARTESIAN_POINT('',(0.015138,0.011176,0.0015));
#2512=CARTESIAN_POINT('',(0.013238,0.011176,0.0015));
#2513=CARTESIAN_POINT('',(0.013238,0.009276,0.0015));
#2514=CARTESIAN_POINT('',(0.009138,0.009276,0.0015));
#2515=CARTESIAN_POINT('',(0.005038,0.009276,0.0015));
#2516=CARTESIAN_POINT('',(0.005038,0.011176,0.0015));
#2517=CARTESIAN_POINT('',(0.003138,0.011176,0.0015));
#2518=CARTESIAN_POINT('',(0.003138,0.015276,0.0015));
#2519=CARTESIAN_POINT('',(0.003138,0.019376,0.0015));
#2520=CARTESIAN_POINT('',(0.005038,0.019376,0.0015));
#2521=CARTESIAN_POINT('',(-6.93889390390723E-18,0.019638,0.));
#2522=CARTESIAN_POINT('',(0.0172558398282202,0.00238216017177982,0.));
#2523=CARTESIAN_POINT('',(0.0179099136008177,0.00303623394437738,0.));
#2524=CARTESIAN_POINT('',(0.0154998678751412,0.00413813212485879,0.));
#2525=CARTESIAN_POINT('',(-0.0172558398282202,0.00238216017177982,0.));
#2526=CARTESIAN_POINT('',(-0.0165979418404023,0.00173191061440256,0.));
#2527=CARTESIAN_POINT('',(-0.0154947689215142,0.00414323107848587,0.));
#2528=CARTESIAN_POINT('',(-0.019638,0.019638,0.));
#2529=CARTESIAN_POINT('',(-0.019638,0.0345116796564403,0.));
#2530=CARTESIAN_POINT('',(-0.0172558398282202,0.0368938398282201,0.));
#2531=CARTESIAN_POINT('',(-0.0179099136008177,0.0362397660556227,0.));
#2532=CARTESIAN_POINT('',(-0.0154998678751412,0.0351378678751412,0.));
#2533=CARTESIAN_POINT('',(-6.93889390390723E-18,0.039276,0.));
#2534=CARTESIAN_POINT('',(0.0148736796564403,0.039276,0.));
#2535=CARTESIAN_POINT('',(0.0172558398282202,0.0368938398282202,0.));
#2536=CARTESIAN_POINT('',(0.0166017660556226,0.0375479136008178,0.));
#2537=CARTESIAN_POINT('',(0.0154998678751412,0.0351378678751412,0.));
#2538=CARTESIAN_POINT('',(-6.93889390390723E-18,0.009276,0.));
#2539=CARTESIAN_POINT('',(0.013238,0.009276,0.));
#2540=CARTESIAN_POINT('',(0.005038,0.009276,0.));
#2541=CARTESIAN_POINT('',(0.013238,0.011176,0.));
#2542=CARTESIAN_POINT('',(0.015138,0.011176,0.));
#2543=CARTESIAN_POINT('',(0.015138,0.019638,0.));
#2544=CARTESIAN_POINT('',(0.015138,0.019376,0.));
#2545=CARTESIAN_POINT('',(0.013238,0.019376,0.));
#2546=CARTESIAN_POINT('',(0.013238,0.021276,0.));
#2547=CARTESIAN_POINT('',(-7.4124734128489E-18,0.021276,0.));
#2548=CARTESIAN_POINT('',(0.005038,0.021276,0.));
#2549=CARTESIAN_POINT('',(0.005038,0.019376,0.));
#2550=CARTESIAN_POINT('',(0.003138,0.019376,0.));
#2551=CARTESIAN_POINT('',(0.003138,0.019638,0.));
#2552=CARTESIAN_POINT('',(0.003138,0.011176,0.));
#2553=CARTESIAN_POINT('',(0.005038,0.011176,0.));
#2554=CARTESIAN_POINT('',(-1.38777878078145E-17,0.039276,-0.0045));
#2555=CARTESIAN_POINT('',(-0.013995,0.039276,-0.0105));
#2556=CARTESIAN_POINT('',(-0.012495,0.039276,-0.0105));
#2557=CARTESIAN_POINT('',(-0.012495,0.039276,-0.0087645));
#2558=CARTESIAN_POINT('',(-0.012495,0.039276,-0.007029));
#2559=CARTESIAN_POINT('',(-0.007591,0.039276,-0.007029));
#2560=CARTESIAN_POINT('',(-0.002687,0.039276,-0.007029));
#2561=CARTESIAN_POINT('',(-0.002687,0.039276,-0.0087645));
#2562=CARTESIAN_POINT('',(-0.002687,0.039276,-0.00856));
#2563=CARTESIAN_POINT('',(-1.52914725353266E-17,0.039276,-0.00856));
#2564=CARTESIAN_POINT('',(0.002295,0.039276,-0.00856));
#2565=CARTESIAN_POINT('',(0.002295,0.039276,-0.0081));
#2566=CARTESIAN_POINT('',(0.002295,0.039276,-0.0057));
#2567=CARTESIAN_POINT('',(0.003745,0.039276,-0.0057));
#2568=CARTESIAN_POINT('',(0.005195,0.039276,-0.0057));
#2569=CARTESIAN_POINT('',(0.005195,0.039276,-0.0044));
#2570=CARTESIAN_POINT('',(0.005195,0.039276,-0.0031));
#2571=CARTESIAN_POINT('',(0.007895,0.039276,-0.0031));
#2572=CARTESIAN_POINT('',(0.010595,0.039276,-0.0031));
#2573=CARTESIAN_POINT('',(0.010595,0.039276,-0.0044));
#2574=CARTESIAN_POINT('',(0.010595,0.039276,-0.0057));
#2575=CARTESIAN_POINT('',(0.012045,0.039276,-0.0057));
#2576=CARTESIAN_POINT('',(0.013495,0.039276,-0.0057));
#2577=CARTESIAN_POINT('',(0.013495,0.039276,-0.0081));
#2578=CARTESIAN_POINT('',(0.013495,0.039276,-0.0105));
#2579=CARTESIAN_POINT('',(0.014495,0.039276,-0.0105));
#2580=CARTESIAN_POINT('',(0.0148736796564403,0.039276,-0.0105));
#2581=CARTESIAN_POINT('',(0.0148736796564403,0.039276,-0.0045));
#2582=CARTESIAN_POINT('',(-0.019638,0.019638,-0.0045));
#2583=CARTESIAN_POINT('',(-0.019638,0.0345116796564403,-0.0045));
#2584=CARTESIAN_POINT('',(-0.019638,0.0345116796564403,-0.0105));
#2585=CARTESIAN_POINT('',(-0.019638,0.019638,-0.0105));
#2586=CARTESIAN_POINT('',(-0.019638,0.007,-0.0105));
#2587=CARTESIAN_POINT('',(-0.019638,0.007,-0.0045));
#2588=CARTESIAN_POINT('',(-0.019638,0.007,-0.008655));
#2589=CARTESIAN_POINT('',(-0.019638,0.019638,-0.008655));
#2590=CARTESIAN_POINT('',(-0.019638,0.010614,-0.008655));
#2591=CARTESIAN_POINT('',(-0.019638,0.010614,-0.0045));
#2592=CARTESIAN_POINT('',(-0.019638,0.010614,-0.009395));
#2593=CARTESIAN_POINT('',(-0.019638,0.019638,-0.009395));
#2594=CARTESIAN_POINT('',(-0.019638,0.029528,-0.009395));
#2595=CARTESIAN_POINT('',(-0.019638,0.029528,-0.0045));
#2596=CARTESIAN_POINT('',(-0.019638,0.029528,-0.0105));
#2597=CARTESIAN_POINT('',(-0.019638,0.019638,-0.0105));
#2598=CARTESIAN_POINT('',(-1.56125112837912E-17,0.040776,0.0015));
#2599=CARTESIAN_POINT('',(-0.015495,0.040776,0.0015));
#2600=CARTESIAN_POINT('',(-0.015495,0.040776,0.0005));
#2601=CARTESIAN_POINT('',(-0.015495,0.040776,-0.0105));
#2602=CARTESIAN_POINT('',(-1.56125112837912E-17,0.040776,0.0005));
#2603=CARTESIAN_POINT('',(0.015495,0.040776,0.0005));
#2604=CARTESIAN_POINT('',(0.015495,0.040776,0.0015));
#2605=CARTESIAN_POINT('',(0.015495,0.040776,-0.0105));
#2606=CARTESIAN_POINT('',(0.014495,0.040776,-0.0105));
#2607=CARTESIAN_POINT('',(0.013495,0.040776,-0.0105));
#2608=CARTESIAN_POINT('',(0.013495,0.040776,-0.0081));
#2609=CARTESIAN_POINT('',(0.013495,0.040776,-0.0057));
#2610=CARTESIAN_POINT('',(0.012045,0.040776,-0.0057));
#2611=CARTESIAN_POINT('',(0.010595,0.040776,-0.0057));
#2612=CARTESIAN_POINT('',(0.010595,0.040776,-0.0044));
#2613=CARTESIAN_POINT('',(0.010595,0.040776,-0.0031));
#2614=CARTESIAN_POINT('',(0.007895,0.040776,-0.0031));
#2615=CARTESIAN_POINT('',(0.005195,0.040776,-0.0031));
#2616=CARTESIAN_POINT('',(0.005195,0.040776,-0.0044));
#2617=CARTESIAN_POINT('',(0.005195,0.040776,-0.0057));
#2618=CARTESIAN_POINT('',(0.003745,0.040776,-0.0057));
#2619=CARTESIAN_POINT('',(0.002295,0.040776,-0.0057));
#2620=CARTESIAN_POINT('',(0.002295,0.040776,-0.0081));
#2621=CARTESIAN_POINT('',(0.002295,0.040776,-0.00856));
#2622=CARTESIAN_POINT('',(-0.000196000000000019,0.040776,-0.00856));
#2623=CARTESIAN_POINT('',(-0.002687,0.040776,-0.00856));
#2624=CARTESIAN_POINT('',(-0.002687,0.040776,-0.0087645));
#2625=CARTESIAN_POINT('',(-0.002687,0.040776,-0.007029));
#2626=CARTESIAN_POINT('',(-0.007591,0.040776,-0.007029));
#2627=CARTESIAN_POINT('',(-0.012495,0.040776,-0.007029));
#2628=CARTESIAN_POINT('',(-0.012495,0.040776,-0.0087645));
#2629=CARTESIAN_POINT('',(-0.012495,0.040776,-0.0105));
#2630=CARTESIAN_POINT('',(-0.013995,0.040776,-0.0105));
#2631=CARTESIAN_POINT('',(0.002295,0.039276,-0.0081));
#2632=CARTESIAN_POINT('',(0.002295,0.031776,-0.00856));
#2633=CARTESIAN_POINT('',(0.002295,0.039276,-0.0057));
#2634=CARTESIAN_POINT('',(-0.021138,0.019638,0.0015));
#2635=CARTESIAN_POINT('',(-0.021138,0.004143,0.0015));
#2636=CARTESIAN_POINT('',(-0.021138,0.004143,0.0005));
#2637=CARTESIAN_POINT('',(-0.021138,0.004143,-0.0105));
#2638=CARTESIAN_POINT('',(-0.021138,0.019638,0.0005));
#2639=CARTESIAN_POINT('',(-0.021138,0.035133,0.0005));
#2640=CARTESIAN_POINT('',(-0.021138,0.035133,0.0015));
#2641=CARTESIAN_POINT('',(-0.021138,0.035133,-0.0105));
#2642=CARTESIAN_POINT('',(-0.021138,0.019638,-0.0105));
#2643=CARTESIAN_POINT('',(-0.021138,0.029528,-0.0105));
#2644=CARTESIAN_POINT('',(-0.021138,0.029528,-0.0099475));
#2645=CARTESIAN_POINT('',(-0.021138,0.029528,-0.009395));
#2646=CARTESIAN_POINT('',(-0.021138,0.020071,-0.009395));
#2647=CARTESIAN_POINT('',(-0.021138,0.010614,-0.009395));
#2648=CARTESIAN_POINT('',(-0.021138,0.010614,-0.009025));
#2649=CARTESIAN_POINT('',(-0.021138,0.010614,-0.008655));
#2650=CARTESIAN_POINT('',(-0.021138,0.008807,-0.008655));
#2651=CARTESIAN_POINT('',(-0.021138,0.007,-0.008655));
#2652=CARTESIAN_POINT('',(-0.021138,0.007,-0.0095775));
#2653=CARTESIAN_POINT('',(-0.021138,0.007,-0.0105));
#2654=CARTESIAN_POINT('',(-0.021138,0.019638,-0.0105));
#2655=CARTESIAN_POINT('',(0.019638,0.019638,-0.0105));
#2656=CARTESIAN_POINT('',(0.017438,0.031893,-0.0105));
#2657=CARTESIAN_POINT('',(0.021138,0.031893,-0.0105));
#2658=CARTESIAN_POINT('',(0.021138,0.019638,-0.0105));
#2659=CARTESIAN_POINT('',(0.021138,0.030625,-0.0105));
#2660=CARTESIAN_POINT('',(-0.003862,0.030625,-0.0105));
#2661=CARTESIAN_POINT('',(-0.0183165,0.0013215,0.0015));
#2662=CARTESIAN_POINT('',(-0.021138,0.004143,0.0005));
#2663=CARTESIAN_POINT('',(-0.0183165,0.0013215,-0.0105));
#2664=CARTESIAN_POINT('',(0.0183165,0.0013215,0.0015));
#2665=CARTESIAN_POINT('',(0.021138,0.004143,0.0015));
#2666=CARTESIAN_POINT('',(0.021138,0.004143,0.0005));
#2667=CARTESIAN_POINT('',(0.016495,-0.0005,0.0005));
#2668=CARTESIAN_POINT('',(0.021138,0.019638,0.0015));
#2669=CARTESIAN_POINT('',(0.021138,0.006545,-0.00884));
#2670=CARTESIAN_POINT('',(0.021138,0.006545,-0.00718));
#2671=CARTESIAN_POINT('',(0.021138,0.018835,-0.00718));
#2672=CARTESIAN_POINT('',(0.021138,0.030625,-0.00718));
#2673=CARTESIAN_POINT('',(0.021138,0.030625,-0.00884));
#2674=CARTESIAN_POINT('',(0.021138,0.031893,-0.010088));
#2675=CARTESIAN_POINT('',(0.021138,0.033833,-0.010088));
#2676=CARTESIAN_POINT('',(0.021138,0.033833,-0.0105));
#2677=CARTESIAN_POINT('',(0.021138,0.019638,-0.0105));
#2678=CARTESIAN_POINT('',(0.021138,0.035133,-0.0105));
#2679=CARTESIAN_POINT('',(0.021138,0.035133,0.0015));
#2680=CARTESIAN_POINT('',(0.021138,0.035133,0.0005));
#2681=CARTESIAN_POINT('',(0.021138,0.004143,0.0005));
#2682=CARTESIAN_POINT('',(0.0183165,0.0379545,0.0015));
#2683=CARTESIAN_POINT('',(0.0183165,0.0379545,0.0005));
#2684=CARTESIAN_POINT('',(0.0183165,0.0379545,-0.0105));
#2685=CARTESIAN_POINT('',(-0.0183165,0.0379545,0.0015));
#2686=CARTESIAN_POINT('',(-0.015495,0.040776,0.0005));
#2687=CARTESIAN_POINT('',(-0.0183165,0.0379545,-0.0105));
#2688=CARTESIAN_POINT('',(0.014495,0.039276,-0.0105));
#2689=CARTESIAN_POINT('',(0.017438,0.033833,-0.0105));
#2690=CARTESIAN_POINT('',(0.0200169577041299,0.0338327219523105,-0.0105));
#2691=CARTESIAN_POINT('',(0.0154998678751412,0.0351378678751412,-0.0105));
#2692=CARTESIAN_POINT('',(0.0166017660556226,0.0375479136008178,-0.0105));
#2693=CARTESIAN_POINT('',(0.0172558398282202,0.0368938398282202,-0.0105));
#2694=CARTESIAN_POINT('',(0.013495,0.039276,-0.0105));
#2695=CARTESIAN_POINT('',(0.017438,0.033833,-0.0105));
#2696=CARTESIAN_POINT('',(0.0201377219523105,0.0338327219523105,-0.0105));
#2697=CARTESIAN_POINT('',(0.014495,0.033832443904621,-0.0105));
#2698=CARTESIAN_POINT('',(0.0154998678751412,0.0351378678751412,-0.0105));
#2699=CARTESIAN_POINT('',(0.0170498678751412,0.0351378678751412,-0.0105));
#2700=CARTESIAN_POINT('',(0.013495,0.039276,-0.0081));
#2701=CARTESIAN_POINT('',(0.013495,0.039276,-0.0057));
#2702=CARTESIAN_POINT('',(0.012045,0.039276,-0.0057));
#2703=CARTESIAN_POINT('',(0.010595,0.039276,-0.0057));
#2704=CARTESIAN_POINT('',(0.010595,0.039276,-0.0044));
#2705=CARTESIAN_POINT('',(0.010595,0.039276,-0.0031));
#2706=CARTESIAN_POINT('',(0.007895,0.039276,-0.0031));
#2707=CARTESIAN_POINT('',(0.005195,0.039276,-0.0031));
#2708=CARTESIAN_POINT('',(0.005195,0.039276,-0.0044));
#2709=CARTESIAN_POINT('',(0.005195,0.039276,-0.0057));
#2710=CARTESIAN_POINT('',(0.003745,0.039276,-0.0057));
#2711=CARTESIAN_POINT('',(-0.002687,0.039276,-0.0087645));
#2712=CARTESIAN_POINT('',(-0.002687,0.031776,-0.00856));
#2713=CARTESIAN_POINT('',(-0.002687,0.039276,-0.007029));
#2714=CARTESIAN_POINT('',(-0.007591,0.039276,-0.007029));
#2715=CARTESIAN_POINT('',(-0.012495,0.039276,-0.007029));
#2716=CARTESIAN_POINT('',(-0.012495,0.039276,-0.0087645));
#2717=CARTESIAN_POINT('',(-0.012495,0.039276,-0.0105));
#2718=CARTESIAN_POINT('',(-0.013995,0.039276,-0.0105));
#2719=CARTESIAN_POINT('',(-0.0154998678751412,0.0351378678751412,-0.0105));
#2720=CARTESIAN_POINT('',(-0.0179099136008177,0.0362397660556227,-0.0105));
#2721=CARTESIAN_POINT('',(-0.0172558398282202,0.0368938398282202,-0.0105));
#2722=CARTESIAN_POINT('',(-0.012738,0.029528,-0.0105));
#2723=CARTESIAN_POINT('',(-0.0154998678751412,0.0351378678751412,-0.0105));
#2724=CARTESIAN_POINT('',(-0.0139498678751412,0.0351378678751412,-0.0105));
#2725=CARTESIAN_POINT('',(-0.019638,0.019638,-0.0105));
#2726=CARTESIAN_POINT('',(-0.0154947689215142,0.00414323107848587,-0.0105));
#2727=CARTESIAN_POINT('',(-0.0166077699043393,0.00173487318401677,-0.0105));
#2728=CARTESIAN_POINT('',(-0.0172558398282202,0.00238216017177982,-0.0105));
#2729=CARTESIAN_POINT('',(-0.009599,0.0067,-0.0105));
#2730=CARTESIAN_POINT('',(-0.012738,0.007,-0.0105));
#2731=CARTESIAN_POINT('',(-0.0154947689215142,0.00414323107848587,-0.0105));
#2732=CARTESIAN_POINT('',(-0.0139447689215142,0.00414323107848587,-0.0105));
#2733=CARTESIAN_POINT('',(-0.003862,0.030625,-0.00884));
#2734=CARTESIAN_POINT('',(-0.003862,0.030625,-0.00718));
#2735=CARTESIAN_POINT('',(-0.003862,0.018835,-0.00718));
#2736=CARTESIAN_POINT('',(-0.003862,0.006545,-0.00718));
#2737=CARTESIAN_POINT('',(0.017438,0.031893,-0.010088));
#2738=CARTESIAN_POINT('',(-0.012738,0.029528,-0.0099475));
#2739=CARTESIAN_POINT('',(-0.012738,0.029528,-0.009395));
#2740=CARTESIAN_POINT('',(-0.012738,0.007,-0.0095775));
#2741=CARTESIAN_POINT('',(-0.012738,0.007,-0.008655));
#2742=CARTESIAN_POINT('',(-0.012738,0.008807,-0.008655));
#2743=CARTESIAN_POINT('',(-0.012738,0.010614,-0.008655));
#2744=CARTESIAN_POINT('',(-0.012738,0.010614,-0.009025));
#2745=CARTESIAN_POINT('',(-0.012738,0.010614,-0.009395));
#2746=CARTESIAN_POINT('',(-0.012738,0.020071,-0.009395));
#2747=CARTESIAN_POINT('',(-0.000196000000000019,0.031776,-0.00856));
#2748=CARTESIAN_POINT('',(-0.009599,0.0067,-0.0080275));
#2749=CARTESIAN_POINT('',(0.012495,0.0067,-0.007708));
#2750=CARTESIAN_POINT('',(0.012495,0.0067,-0.004916));
#2751=CARTESIAN_POINT('',(0.0070265,0.0067,-0.004916));
#2752=CARTESIAN_POINT('',(0.001558,0.0067,-0.004916));
#2753=CARTESIAN_POINT('',(0.001558,0.0067,-0.0052355));
#2754=CARTESIAN_POINT('',(0.001558,0.0067,-0.005555));
#2755=CARTESIAN_POINT('',(0.0001295,0.0067,-0.005555));
#2756=CARTESIAN_POINT('',(-0.001099,0.0067,-0.005555));
#2757=CARTESIAN_POINT('',(-0.0172558398282202,0.00238216017177982,-0.0045));
#2758=CARTESIAN_POINT('',(-0.0165966671019955,0.00173318535280933,-0.0105));
#2759=CARTESIAN_POINT('',(0.0172558398282202,0.00238216017177982,-0.0045));
#2760=CARTESIAN_POINT('',(0.0179099136008177,0.00303623394437738,-0.0105));
#2761=CARTESIAN_POINT('',(0.0172558398282202,0.0368938398282202,-0.0045));
#2762=CARTESIAN_POINT('',(0.0166017660556226,0.0375479136008178,-0.0105));
#2763=CARTESIAN_POINT('',(-0.0172558398282202,0.0368938398282202,-0.0045));
#2764=CARTESIAN_POINT('',(-0.0179099136008177,0.0362397660556227,-0.0105));
#2765=CARTESIAN_POINT('',(0.009138,0.009276,-0.0235));
#2766=CARTESIAN_POINT('',(0.005038,0.009276,0.0015));
#2767=CARTESIAN_POINT('',(0.013238,0.009276,0.));
#2768=CARTESIAN_POINT('',(0.015138,0.015276,-0.0235));
#2769=CARTESIAN_POINT('',(0.015138,0.019376,0.));
#2770=CARTESIAN_POINT('',(0.015138,0.011176,0.0015));
#2771=CARTESIAN_POINT('',(0.009138,0.021276,-0.0235));
#2772=CARTESIAN_POINT('',(0.013238,0.021276,0.0015));
#2773=CARTESIAN_POINT('',(0.005038,0.021276,0.));
#2774=CARTESIAN_POINT('',(0.003138,0.015276,-0.0235));
#2775=CARTESIAN_POINT('',(0.003138,0.019376,0.0015));
#2776=CARTESIAN_POINT('',(0.003138,0.011176,0.));
#2777=CARTESIAN_POINT('',(0.013238,0.019376,-0.0235));
#2778=CARTESIAN_POINT('',(0.005038,0.019376,-0.0235));
#2779=CARTESIAN_POINT('',(0.005038,0.011176,-0.0235));
#2780=CARTESIAN_POINT('',(0.013238,0.011176,-0.0235));
#2781=CARTESIAN_POINT('',(-0.0154998678751412,0.0351378678751412,-0.0105));
#2782=CARTESIAN_POINT('',(-0.0154947689215142,0.00414323107848587,-0.0105));
#2783=CARTESIAN_POINT('',(0.0154998678751412,0.00413813212485879,-0.0105));
#2784=CARTESIAN_POINT('',(0.0154998678751412,0.0351378678751412,-0.0105));
#2785=CARTESIAN_POINT('',(0.,-0.0015,0.0005));
#2786=CARTESIAN_POINT('',(0.014270762152699,0.00145557161452435,0.00345557161452435));
#2787=CARTESIAN_POINT('',(-0.0142707621526991,0.00145557161452433,0.00345557161452432));
#2788=CARTESIAN_POINT('',(-0.0176093932188135,0.00202860678118655,0.0015));
#2789=CARTESIAN_POINT('',(-0.0171855842037237,0.00160479776609678,0.0015));
#2790=CARTESIAN_POINT('',(-0.0174905068793814,0.0018649537772254,0.00146834518794036));
#2791=CARTESIAN_POINT('',(-0.0177730462227746,0.00214749312061859,0.00146834518794036));
#2792=CARTESIAN_POINT('',(-0.0180332022339032,0.00245241579627632,0.0015));
#2793=CARTESIAN_POINT('',(-0.0194559029009849,0.00483974743164049,0.0021820970990151));
#2794=CARTESIAN_POINT('',(-0.021138,0.019638,0.0005));
#2795=CARTESIAN_POINT('',(-0.0181824283854757,0.0339087621526991,0.00345557161452432));
#2796=CARTESIAN_POINT('',(-0.0176093932188135,0.0372473932188135,0.0015));
#2797=CARTESIAN_POINT('',(-0.0180578938591748,0.0367988925784522,0.0015));
#2798=CARTESIAN_POINT('',(-0.0177839848173724,0.0371229843904648,0.00146451542288559));
#2799=CARTESIAN_POINT('',(-0.0174849843904648,0.0374219848173724,0.00146451542288559));
#2800=CARTESIAN_POINT('',(-0.0171608925784522,0.0376958938591748,0.0015));
#2801=CARTESIAN_POINT('',(-0.0147982525683595,0.0390939029009849,0.0021820970990151));
#2802=CARTESIAN_POINT('',(-1.56125112837912E-17,0.040776,0.0005));
#2803=CARTESIAN_POINT('',(0.0142707621526991,0.0378204283854758,0.00345557161452427));
#2804=CARTESIAN_POINT('',(0.0183165,0.0379545,0.0005));
#2805=CARTESIAN_POINT('',(0.0171608925784522,0.0376958938591746,0.0015));
#2806=CARTESIAN_POINT('',(0.0174849843904648,0.0374219848173723,0.00146451542288561));
#2807=CARTESIAN_POINT('',(0.0177839848173723,0.0371229843904648,0.00146451542288561));
#2808=CARTESIAN_POINT('',(0.0180578938591747,0.0367988925784523,0.0015));
#2809=CARTESIAN_POINT('',(0.0203768943274256,0.0348177397080206,0.00126110567257438));
#2810=CARTESIAN_POINT('',(0.020138,0.019638,0.0015));
#2811=CARTESIAN_POINT('',(0.0172614369590349,0.00574872498696204,0.00437656304096508));
#2812=CARTESIAN_POINT('',(0.0176093932188135,0.00202860678118655,0.0015));
#2813=CARTESIAN_POINT('',(0.0180578938591748,0.00247710742154787,0.0015));
#2814=CARTESIAN_POINT('',(0.0177839848173723,0.00215301560953519,0.00146451542288559));
#2815=CARTESIAN_POINT('',(0.0174849843904648,0.00185401518262764,0.00146451542288559));
#2816=CARTESIAN_POINT('',(0.0171608925784522,0.00158010614082523,0.0015));
#2817=CARTESIAN_POINT('',(-0.003862,0.006545,-0.00884));
#2818=CARTESIAN_POINT('',(0.017438,0.033833,-0.010088));
#2819=CARTESIAN_POINT('',(0.020137443904621,0.033832443904621,-0.0105));
#2820=CARTESIAN_POINT('',(0.017438,0.033833,-0.010088));
#2821=CARTESIAN_POINT('',(0.0200166796564404,0.033833,-0.010088));
#2822=CARTESIAN_POINT('',(0.020137443904621,0.033832443904621,-0.0045));
#2823=CARTESIAN_POINT('',(-0.0154947689215142,0.00414323107848587,-0.0105));
#2824=CARTESIAN_POINT('',(-0.0154947689215142,0.00414323107848587,0.0005));
#2825=CARTESIAN_POINT('',(-0.0139447689215142,0.00414323107848587,0.0005));
#2826=CARTESIAN_POINT('',(-0.0154998678751412,0.0351378678751412,-0.0105));
#2827=CARTESIAN_POINT('',(-0.0154998678751412,0.0351378678751412,0.0005));
#2828=CARTESIAN_POINT('',(-0.0139498678751412,0.0351378678751412,0.0005));
#2829=CARTESIAN_POINT('',(0.0154998678751412,0.0351378678751412,-0.0105));
#2830=CARTESIAN_POINT('',(0.0154998678751412,0.0351378678751412,0.0005));
#2831=CARTESIAN_POINT('',(0.0170498678751412,0.0351378678751412,0.0005));
#2832=CARTESIAN_POINT('',(0.0154998678751412,0.00413813212485879,-0.0105));
#2833=CARTESIAN_POINT('',(0.0154998678751412,0.00413813212485879,0.0005));
#2834=CARTESIAN_POINT('',(0.0170498678751412,0.00413813212485879,0.0005));
#2835=CARTESIAN_POINT('',(0.0154998678751412,0.00413813212485879,0.0005));
#2836=CARTESIAN_POINT('',(0.0154998678751412,0.0351378678751412,0.0005));
#2837=CARTESIAN_POINT('',(-0.0154998678751412,0.0351378678751412,0.0005));
#2838=CARTESIAN_POINT('',(-0.0154947689215142,0.00414323107848587,0.0005));
#2839=CARTESIAN_POINT('',(-0.003999,0.0067,-0.002755));
#2840=CARTESIAN_POINT('',(-0.001099,0.0067,-0.002755));
#2841=CARTESIAN_POINT('',(-0.006899,0.0067,-0.002755));
#2842=CARTESIAN_POINT('',(-0.001099,0.0067,-0.004255));
#2843=CARTESIAN_POINT('',(-0.006899,0.0067,-0.004255));
#2844=MECHANICAL_DESIGN_GEOMETRIC_PRESENTATION_REPRESENTATION('',(#1755),
#2845);
#2845=(
GEOMETRIC_REPRESENTATION_CONTEXT(3)
GLOBAL_UNCERTAINTY_ASSIGNED_CONTEXT((#2846))
GLOBAL_UNIT_ASSIGNED_CONTEXT((#2849,#2848,#2847))
REPRESENTATION_CONTEXT('Part 1','TOP_LEVEL_ASSEMBLY_PART')
);
#2846=UNCERTAINTY_MEASURE_WITH_UNIT(LENGTH_MEASURE(4.24649863309619E-5),
#2849,'DISTANCE_ACCURACY_VALUE','Maximum Tolerance applied to model');
#2847=(
NAMED_UNIT(*)
SI_UNIT($,.STERADIAN.)
SOLID_ANGLE_UNIT()
);
#2848=(
NAMED_UNIT(*)
PLANE_ANGLE_UNIT()
SI_UNIT($,.RADIAN.)
);
#2849=(
LENGTH_UNIT()
NAMED_UNIT(*)
SI_UNIT($,.METRE.)
);
#2850=PRODUCT_DEFINITION_SHAPE('','',#2851);
#2851=PRODUCT_DEFINITION('','',#2853,#2852);
#2852=PRODUCT_DEFINITION_CONTEXT('',#2859,'design');
#2853=PRODUCT_DEFINITION_FORMATION_WITH_SPECIFIED_SOURCE('','',#2855,
 .NOT_KNOWN.);
#2854=PRODUCT_RELATED_PRODUCT_CATEGORY('','',(#2855));
#2855=PRODUCT('Part 1','Part 1','Part 1',(#2857));
#2856=PRODUCT_CATEGORY('','');
#2857=PRODUCT_CONTEXT('',#2859,'mechanical');
#2858=APPLICATION_PROTOCOL_DEFINITION('international standard',
'ap242_managed_model_based_3d_engineering',2020,#2859);
#2859=APPLICATION_CONTEXT('managed model based 3d engineering');
ENDSEC;
END-ISO-10303-21;
